2,BMW M Hybrid V8,baseline
Steering Wheel Angle,Yaw Rate
272.734131,1.925073
271.735382,1.925353
270.736603,1.931997
269.704529,1.929750
268.705780,1.921572
267.707001,1.909918
266.674927,1.902330
265.676178,1.895326
264.677399,1.888457
263.645355,1.883699
262.646576,1.875863
261.647827,1.868803
260.615753,1.861034
259.617004,1.853276
258.584900,1.845160
257.586182,1.837280
256.587372,1.829801
255.555344,1.822215
254.556549,1.814799
253.557785,1.807700
252.525742,1.800415
251.526947,1.793220
250.528183,1.785866
249.496140,1.778037
248.497330,1.770794
247.498581,1.763368
246.466522,1.755797
245.467773,1.748483
244.468964,1.741159
243.436951,1.733537
242.438156,1.726405
241.439392,1.719001
240.407318,1.711297
239.408585,1.704141
238.409760,1.696777
237.377716,1.689264
236.378922,1.681848
235.380157,1.674634
234.348114,1.667082
233.349335,1.659804
232.350586,1.652537
231.318527,1.644968
230.319733,1.637680
229.320969,1.630434
228.288895,1.622864
227.290115,1.615748
226.291382,1.608334
225.259277,1.600754
224.260529,1.593500
223.261749,1.586180
222.229706,1.578681
221.230927,1.571441
220.232147,1.564127
219.200073,1.556672
218.201324,1.549327
217.202515,1.542201
216.170486,1.534682
215.171677,1.527313
214.172928,1.520119
213.140839,1.512658
212.142090,1.505300
211.143280,1.498049
210.111252,1.490639
209.112442,1.483383
208.113693,1.476052
207.081604,1.468438
206.082840,1.461371
205.050766,1.453821
204.052017,1.446620
203.053238,1.439427
202.021164,1.431949
201.022385,1.424598
200.023605,1.417577
198.991516,1.410054
197.992783,1.402815
196.994003,1.395451
195.961929,1.387990
194.963150,1.380802
193.964371,1.373652
192.932281,1.366085
191.933533,1.358891
190.934753,1.351680
189.902695,1.344216
188.903946,1.337089
187.905136,1.329938
186.873108,1.322423
185.874298,1.315210
184.875549,1.307907
183.843445,1.300277
182.844696,1.293414
181.845901,1.286144
180.813843,1.278705
179.815063,1.271651
178.816269,1.264327
177.784180,1.256926
176.785431,1.249806
175.786636,1.242664
174.754608,1.234973
173.755783,1.227868
172.757034,1.220803
171.724945,1.213375
170.726196,1.206221
169.727371,1.198866
168.695328,1.191576
167.696548,1.184276
166.697769,1.177175
165.665665,1.169848
164.666916,1.162588
163.668106,1.155388
162.636078,1.147943
161.637283,1.140848
160.638535,1.133586
159.606430,1.126413
158.607651,1.119153
157.608841,1.111941
156.576813,1.104597
155.578003,1.097453
154.545944,1.089952
153.547165,1.082845
152.548386,1.075804
151.516296,1.068323
150.517532,1.061146
149.518738,1.054118
148.486664,1.046528
147.487885,1.039461
146.489105,1.032450
145.457016,1.024964
144.458267,1.017828
143.459503,1.010782
142.427399,1.003413
141.428650,0.996167
140.429840,0.989044
139.397781,0.981618
138.399002,0.974637
137.400223,0.967403
136.368118,0.959993
135.369385,0.952872
134.370560,0.945784
133.338501,0.938479
132.339691,0.931319
131.340958,0.924204
130.308853,0.916828
129.310074,0.909750
128.311264,0.902688
127.279228,0.895246
126.280426,0.888173
125.281647,0.881108
124.249550,0.873674
123.250801,0.866679
122.251991,0.859486
121.219940,0.852079
120.221115,0.845028
119.222366,0.837829
118.190239,0.830588
117.191505,0.823356
116.192688,0.816232
115.160629,0.808934
114.161819,0.801952
113.163063,0.794755
112.130974,0.787546
111.132202,0.780214
110.133385,0.773384
109.101326,0.765932
108.102509,0.758802
107.103767,0.751666
106.071671,0.744336
105.072891,0.737329
104.074081,0.730428
103.042015,0.722708
102.043213,0.715784
101.011185,0.708581
100.012398,0.701365
99.013596,0.694385
97.981529,0.686906
96.982719,0.679961
95.983971,0.672758
94.951881,0.665440
93.953102,0.658382
92.954285,0.651274
91.922226,0.643988
90.923409,0.637013
89.924667,0.629847
88.892548,0.622465
87.893791,0.615435
86.894981,0.608399
85.862923,0.600953
84.864113,0.593912
83.865334,0.586913
82.833237,0.579522
81.834457,0.572478
80.835648,0.565329
79.803581,0.558031
78.804771,0.551010
77.806030,0.544018
76.773903,0.536495
75.775154,0.529519
74.776337,0.522392
73.744286,0.514997
72.745476,0.508202
71.746696,0.500867
70.714600,0.493609
69.715820,0.486563
68.717003,0.479489
67.684944,0.472248
66.686142,0.465356
65.687355,0.457998
64.655266,0.450802
63.656487,0.443882
62.657673,0.436734
61.625610,0.429359
60.626797,0.422361
59.628021,0.415123
58.595932,0.407776
57.597145,0.400993
56.598400,0.393758
55.566277,0.386639
54.567528,0.379340
53.568687,0.372512
52.536625,0.364941
51.537811,0.358003
50.505753,0.350723
49.506939,0.343691
48.508160,0.336614
47.476070,0.329326
46.477287,0.322312
45.478477,0.315159
44.446415,0.307834
43.447601,0.300817
42.448826,0.293717
41.416702,0.286621
40.417953,0.279368
39.419140,0.272364
38.387077,0.265060
37.388233,0.258129
36.389488,0.251061
35.357365,0.243826
34.358585,0.236679
33.359772,0.229772
32.327709,0.222340
31.328901,0.215201
30.330120,0.208303
29.297997,0.201007
28.299248,0.193941
27.300406,0.187047
26.268345,0.179466
25.269531,0.172349
24.270754,0.165432
23.238661,0.158120
22.239880,0.151280
21.241070,0.143979
20.209009,0.136747
19.210163,0.129683
18.211416,0.122846
17.179293,0.115421
16.180511,0.108443
15.181702,0.101387
14.149640,0.094037
13.150796,0.087011
12.152049,0.080001
11.119988,0.072496
10.121144,0.065708
9.122396,0.058597
8.090272,0.051203
7.091493,0.044815
6.092681,0.038472
5.060620,0.031730
4.061809,0.025464
3.062997,0.018980
2.030904,0.012420
1.032093,0.005946
0.000000,0.001666
-0.998747,0.007123
-1.997624,0.013594
-3.029652,0.020131
-4.028464,0.026621
-5.027276,0.032968
-6.059368,0.039554
-7.058115,0.045990
-8.056992,0.052437
-9.089020,0.059428
-10.087896,0.066402
-11.086643,0.073506
-12.118735,0.080860
-13.117547,0.087736
-14.116360,0.094948
-15.148452,0.102063
-16.147263,0.109256
-17.146011,0.116157
-18.178169,0.123625
-19.176916,0.130517
-20.175728,0.137546
-21.207819,0.145117
-22.206633,0.151843
-23.205444,0.159043
-24.237535,0.166484
-25.236284,0.173271
-26.235159,0.180499
-27.267187,0.187791
-28.266064,0.194650
-29.264811,0.201815
-30.296968,0.208922
-31.295717,0.216026
-32.294464,0.223282
-33.326618,0.230550
-34.325367,0.237559
-35.324245,0.244572
-36.356274,0.251874
-37.355083,0.258869
-38.353897,0.266047
-39.385986,0.273098
-40.384800,0.280282
-41.383614,0.287364
-42.415703,0.294553
-43.414516,0.301772
-44.413265,0.308862
-45.445419,0.315997
-46.444168,0.323221
-47.443043,0.330273
-48.475071,0.337353
-49.473949,0.344438
-50.472694,0.351673
-51.504852,0.358874
-52.503601,0.365931
-53.535759,0.373215
-54.534504,0.380334
-55.533318,0.387292
-56.565411,0.394467
-57.564224,0.401664
-58.563034,0.408733
-59.595127,0.416139
-60.593937,0.423097
-61.592751,0.430121
-62.624840,0.437548
-63.623653,0.444576
-64.622467,0.451711
-65.654556,0.458842
-66.653366,0.466034
-67.652184,0.473038
-68.684273,0.480510
-69.683090,0.487370
-70.681831,0.494568
-71.713989,0.501765
-72.712738,0.508855
-73.711617,0.515924
-74.743645,0.523266
-75.742516,0.530436
-76.741264,0.537499
-77.773361,0.544794
-78.772171,0.551855
-79.770981,0.558914
-80.803070,0.566328
-81.801888,0.573182
-82.800697,0.580458
-83.832787,0.587612
-84.831604,0.594797
-85.830414,0.601873
-86.862572,0.609131
-87.861313,0.616292
-88.860130,0.623294
-89.892227,0.630764
-90.891098,0.637598
-91.889847,0.644805
-92.921997,0.652272
-93.920753,0.659070
-94.919624,0.666411
-95.951653,0.673610
-96.950531,0.680611
-97.949280,0.687914
-98.981438,0.695186
-99.980179,0.702126
-100.979065,0.709276
-102.011093,0.716820
-103.009964,0.723770
-104.008705,0.730809
-105.040863,0.738220
-106.039619,0.745158
-107.071777,0.752608
-108.070587,0.759715
-109.069389,0.766695
-110.101486,0.774158
-111.100304,0.781187
-112.099113,0.788187
-113.131271,0.795650
-114.130020,0.802755
-115.128899,0.809867
-116.160927,0.817284
-117.159798,0.824351
-118.158554,0.831403
-119.190704,0.838827
-120.189453,0.845955
-121.188255,0.852979
-122.220421,0.860482
-123.219162,0.867390
-124.218033,0.874568
-125.250061,0.881921
-126.248947,0.889015
-127.247688,0.896234
-128.279846,0.903519
-129.278656,0.910618
-130.277481,0.917719
-131.309555,0.925108
-132.308380,0.932084
-133.307190,0.939408
-134.339355,0.946712
-135.338089,0.953923
-136.336975,0.961033
-137.369003,0.968333
-138.367874,0.975404
-139.366684,0.982726
-140.398773,0.989974
-141.397583,0.997136
-142.396408,1.004292
-143.428497,1.011722
-144.427368,1.018748
-145.426117,1.025948
-146.458282,1.033315
-147.457077,1.040544
-148.455902,1.047558
-149.487991,1.055019
-150.486877,1.062249
-151.485611,1.069357
-152.517776,1.076679
-153.516525,1.083920
-154.515396,1.090984
-155.547485,1.098452
-156.546295,1.105518
-157.578400,1.112876
-158.577271,1.120177
-159.576004,1.127249
-160.608170,1.134735
-161.606918,1.141841
-162.605804,1.149080
-163.637894,1.156564
-164.636765,1.163625
-165.635513,1.170855
-166.667603,1.178250
-167.666428,1.185365
-168.665222,1.192553
-169.697372,1.199901
-170.696136,1.207009
-171.695007,1.214299
-172.727097,1.221808
-173.725922,1.228997
-174.724731,1.236098
-175.756882,1.243591
-176.755630,1.250709
-177.754501,1.257958
-178.786606,1.265438
-179.785477,1.272646
-180.784225,1.279705
-181.816376,1.287241
-182.815125,1.294433
-183.813995,1.301641
-184.846100,1.309030
-185.844971,1.316338
-186.843719,1.323515
-187.875870,1.330938
-188.874695,1.338094
-189.873505,1.345272
-190.905594,1.352882
-191.904465,1.360022
-192.903214,1.367152
-193.935364,1.374738
-194.934189,1.381833
-195.933060,1.389084
-196.965088,1.396652
-197.963959,1.403849
-198.962769,1.411123
-199.994934,1.418439
-200.993683,1.425657
-201.992554,1.433016
-203.024643,1.440555
-204.023468,1.447619
-205.022263,1.454883
-206.054428,1.462476
-207.053177,1.469547
-208.085403,1.477080
-209.084137,1.484374
-210.082886,1.491610
-211.115112,1.499142
-212.113861,1.506357
-213.112732,1.513592
-214.144836,1.521176
-215.143646,1.528350
-216.142456,1.535568
-217.174606,1.543118
-218.173355,1.550392
-219.172241,1.557511
-220.204330,1.565102
-221.203201,1.572481
-222.201950,1.579571
-223.234177,1.587134
-224.232925,1.594466
-225.231796,1.601655
-226.263885,1.609301
-227.262772,1.616488
-228.261505,1.623806
-229.293671,1.631307
-230.292496,1.638571
-231.291367,1.645790
-232.323380,1.653427
-233.322250,1.660672
-234.321075,1.668025
-235.353226,1.675517
-236.351990,1.682943
-237.350861,1.690148
-238.382965,1.697519
-239.381836,1.704890
-240.380569,1.712254
-241.412811,1.719758
-242.411545,1.727128
-243.410416,1.734397
-244.442505,1.741859
-245.441391,1.749328
-246.440125,1.756565
-247.472305,1.764160
-248.471100,1.771459
-249.469971,1.778808
-250.502060,1.786321
-251.500946,1.793663
-252.499710,1.800948
-253.531860,1.808600
-254.530670,1.815887
-255.529404,1.823271
-256.561554,1.830713
-257.560394,1.838227
-258.559265,1.845441
-259.591339,1.853129
-260.590240,1.860407
-261.622253,1.867996
-262.621124,1.875456
-263.619934,1.882598
-264.652100,1.890463
-265.650909,1.897577
-266.649780,1.905108
-267.681824,1.912563
-268.680695,1.920002
-269.679504,1.927412
-270.711670,1.929335
-271.710449,1.929434
-272.709351,1.929344
