2,BMW M2 Racing (G87),baseline
Steering Wheel Angle,Yaw Rate
378.802521,2.388964
377.803772,2.388825
376.771698,2.389490
375.772919,2.389978
374.774170,2.386929
373.742157,2.381487
372.743378,2.374697
371.744659,2.367971
370.712555,2.360960
369.713837,2.353067
368.715057,2.345387
367.683044,2.337884
366.684296,2.330971
365.685516,2.323685
364.653442,2.317419
363.654724,2.311093
362.622681,2.303830
361.623901,2.295859
360.625153,2.288956
359.593109,2.281743
358.594330,2.275544
357.595612,2.268028
356.563568,2.259758
355.564758,2.254400
354.566010,2.248272
353.533997,2.239965
352.535248,2.232370
351.536469,2.227113
350.504425,2.220420
349.505646,2.212227
348.506927,2.204849
347.474854,2.199354
346.476105,2.192833
345.477325,2.184717
344.445282,2.177761
343.446533,2.170313
342.447784,2.164371
341.415710,2.158066
340.416962,2.150668
339.418213,2.143055
338.386139,2.137059
337.387360,2.129990
336.388641,2.121893
335.356598,2.115798
334.357849,2.110088
333.359039,2.102784
332.326996,2.094649
331.328247,2.088456
330.329498,2.082519
329.297424,2.075749
328.298645,2.068521
327.299927,2.060836
326.267853,2.054178
325.269073,2.048176
324.270355,2.040544
323.238281,2.032985
322.239502,2.027622
321.240784,2.021377
320.208710,2.014047
319.209961,2.006385
318.211212,1.999848
317.179138,1.994060
316.180359,1.986922
315.181641,1.978816
314.149536,1.973001
313.150787,1.967140
312.152069,1.960030
311.119995,1.951764
310.121185,1.945927
309.089172,1.939954
308.090393,1.932519
307.091644,1.924799
306.059570,1.919227
305.060852,1.913201
304.062042,1.905594
303.029999,1.897621
302.031219,1.892130
301.032471,1.886539
300.000427,1.879142
299.001678,1.871005
298.002899,1.865280
296.970825,1.859428
295.972076,1.852085
294.973328,1.844483
293.941254,1.838861
292.942474,1.832664
291.943726,1.825144
290.911652,1.817614
289.912903,1.812461
288.914154,1.806147
287.882080,1.798116
286.883301,1.791572
285.884552,1.786102
284.852478,1.778943
283.853729,1.771039
282.854980,1.765346
281.822876,1.759549
280.824127,1.752536
279.825317,1.744591
278.793304,1.738541
277.794556,1.733070
276.795776,1.725757
275.763702,1.717915
274.764984,1.712662
273.766174,1.706669
272.734131,1.698881
271.735382,1.691900
270.736603,1.686679
269.704529,1.680075
268.705780,1.672400
267.707001,1.665571
266.674927,1.660201
265.676178,1.653584
264.677399,1.645834
263.645355,1.639677
262.646576,1.634133
261.647827,1.627143
260.615753,1.619227
259.617004,1.613604
258.584900,1.607807
257.586182,1.600664
256.587372,1.593244
255.555344,1.587439
254.556549,1.581724
253.557785,1.574604
252.525742,1.566788
251.526947,1.561477
250.528183,1.555627
249.496140,1.548131
248.497330,1.540819
247.498581,1.535658
246.466522,1.529513
245.467773,1.522295
244.468964,1.514926
243.436951,1.509324
242.438156,1.503595
241.439392,1.496262
240.407318,1.489019
239.408585,1.482449
238.409760,1.477411
237.377716,1.470763
236.378922,1.463149
235.380157,1.456649
234.348114,1.451246
233.349335,1.444875
232.350586,1.437371
231.318527,1.430789
230.319733,1.425545
229.320969,1.419122
228.288895,1.411455
227.290115,1.404873
226.291382,1.399764
225.259277,1.393207
224.260529,1.385777
223.261749,1.379027
222.229706,1.373631
221.230927,1.367381
220.232147,1.359881
219.200073,1.353697
218.201324,1.348177
217.202515,1.341496
216.170486,1.333856
215.171677,1.328148
214.172928,1.322571
213.140839,1.315518
212.142090,1.308129
211.143280,1.302653
210.111252,1.296908
209.112442,1.289807
208.113693,1.282507
207.081604,1.276833
206.082840,1.271276
205.050766,1.264316
204.052017,1.256911
203.053238,1.250911
202.021164,1.245392
201.022385,1.238778
200.023605,1.231357
198.991516,1.225426
197.992783,1.220020
196.994003,1.213070
195.961929,1.205928
194.963150,1.200211
193.964371,1.194221
192.932281,1.188099
191.933533,1.181406
190.934753,1.173932
189.902695,1.167437
188.903946,1.162142
187.905136,1.156358
186.873108,1.149297
185.874298,1.142134
184.875549,1.136536
183.843445,1.130698
182.844696,1.124069
181.845901,1.116831
180.813843,1.110987
179.815063,1.105402
178.816269,1.098616
177.784180,1.091171
176.785431,1.085634
175.786636,1.080227
174.754608,1.073059
173.755783,1.065939
172.757034,1.060444
171.724945,1.054686
170.726196,1.047870
169.727371,1.040678
168.695328,1.035002
167.696548,1.029470
166.697769,1.022910
165.665665,1.015399
164.666916,1.009551
163.668106,1.004143
162.636078,0.997589
161.637283,0.990224
160.638535,0.984572
159.606430,0.978801
158.607651,0.972077
157.608841,0.964944
156.576813,0.959264
155.578003,0.953798
154.545944,0.946716
153.547165,0.939690
152.548386,0.934337
151.516296,0.928383
150.517532,0.921521
149.518738,0.914602
148.486664,0.909017
147.487885,0.903370
146.489105,0.896320
145.457016,0.889248
144.458267,0.883941
143.459503,0.878283
142.427399,0.871174
141.428650,0.864337
140.429840,0.858928
139.397781,0.852781
138.399002,0.845991
137.400223,0.839429
136.368118,0.833732
135.369385,0.827959
134.370560,0.821042
133.338501,0.814098
132.339691,0.808914
131.340958,0.802917
130.308853,0.795824
129.310074,0.789153
128.311264,0.783864
127.279228,0.777632
126.280426,0.770899
125.281647,0.764066
124.249550,0.758753
123.250801,0.752926
122.251991,0.745963
121.219940,0.738999
120.221115,0.733751
119.222366,0.727864
118.190239,0.720616
117.191505,0.714273
116.192688,0.708992
115.160629,0.702584
114.161819,0.695582
113.163063,0.689458
112.130974,0.683938
111.132202,0.677648
110.133385,0.670536
109.101326,0.664440
108.102509,0.659267
107.103767,0.652572
106.071671,0.645371
105.072891,0.639803
104.074081,0.634304
103.042015,0.627314
102.043213,0.620618
101.011185,0.614961
100.012398,0.609208
99.013596,0.602234
97.981529,0.595711
96.982719,0.590372
95.983971,0.584354
94.951881,0.577208
93.953102,0.570767
92.954285,0.565439
91.922226,0.559312
90.923409,0.552431
89.924667,0.546072
88.892548,0.540619
87.893791,0.534395
86.894981,0.527474
85.862923,0.521427
84.864113,0.515954
83.865334,0.509382
82.833237,0.502361
81.834457,0.496792
80.835648,0.491336
79.803581,0.484266
78.804771,0.477659
77.806030,0.472286
76.773903,0.466263
75.775154,0.459503
74.776337,0.452828
73.744286,0.447390
72.745476,0.441427
71.746696,0.434431
70.714600,0.428359
69.715820,0.422929
68.717003,0.416452
67.684944,0.409466
66.686142,0.403729
65.687355,0.398278
64.655266,0.391394
63.656487,0.384621
62.657673,0.379105
61.625610,0.373352
60.626797,0.366690
59.628021,0.359919
58.595932,0.354149
57.597145,0.348721
56.598400,0.342057
55.566277,0.335074
54.567528,0.329490
53.568687,0.323983
52.536625,0.317131
51.537811,0.310435
50.505753,0.304611
49.506939,0.299119
48.508160,0.292323
47.476070,0.285511
46.477287,0.280167
45.478477,0.274422
44.446415,0.267297
43.447601,0.260903
42.448826,0.255638
41.416702,0.249408
40.417953,0.242560
39.419140,0.236381
38.387077,0.230919
37.388233,0.224816
36.389488,0.218023
35.357365,0.211492
34.358585,0.206179
33.359772,0.200117
32.327709,0.193101
31.328901,0.186969
30.330120,0.181601
29.297997,0.175321
28.299248,0.168547
27.300406,0.162200
26.268345,0.156636
25.269531,0.150652
24.270754,0.143863
23.238661,0.137483
22.239880,0.132123
21.241070,0.125901
20.209009,0.118921
19.210163,0.112918
18.211416,0.107413
17.179293,0.101064
16.180511,0.094343
15.181702,0.088355
14.149640,0.082660
13.150796,0.076417
12.152049,0.069745
11.119988,0.063541
10.121144,0.058106
9.122396,0.051788
8.090272,0.044845
7.091493,0.039128
6.092681,0.033543
5.060620,0.027415
4.061809,0.022362
3.062997,0.017343
2.030904,0.012177
1.032093,0.007189
0.000000,0.002789
-0.998747,0.003128
-1.997624,0.008971
-3.029652,0.015089
-4.028464,0.021423
-5.027276,0.028055
-6.059368,0.034185
-7.058115,0.039710
-8.056992,0.046171
-9.089020,0.052946
-10.087896,0.058608
-11.086643,0.064359
-12.118735,0.071114
-13.117547,0.077486
-14.116360,0.083076
-15.148452,0.089190
-16.147263,0.095855
-17.146011,0.102075
-18.178169,0.107772
-19.176916,0.113991
-20.175728,0.120612
-21.207819,0.126754
-22.206633,0.132317
-23.205444,0.138618
-24.237535,0.145422
-25.236284,0.151355
-26.235159,0.156988
-27.267187,0.163467
-28.266064,0.170037
-29.264811,0.175883
-30.296968,0.181814
-31.295717,0.188110
-32.294464,0.194793
-33.326618,0.200790
-34.325367,0.206353
-35.324245,0.212881
-36.356274,0.219718
-37.355083,0.225197
-38.353897,0.231034
-39.385986,0.237994
-40.384800,0.244223
-41.383614,0.249604
-42.415703,0.255987
-43.414516,0.262694
-44.413265,0.268856
-45.445419,0.274478
-46.444168,0.280623
-47.443043,0.287411
-48.475071,0.293665
-49.473949,0.299068
-50.472694,0.305416
-51.504852,0.312363
-52.503601,0.318110
-53.535759,0.323819
-54.534504,0.330385
-55.533318,0.337134
-56.565411,0.342855
-57.564224,0.348608
-58.563034,0.355308
-59.595127,0.361919
-60.593937,0.367279
-61.592751,0.373338
-62.624840,0.380336
-63.623653,0.386488
-64.622467,0.391942
-65.654556,0.398205
-66.653366,0.405091
-67.652184,0.411064
-68.684273,0.416768
-69.683090,0.423117
-70.681831,0.429902
-71.713989,0.435826
-72.712738,0.441382
-73.711617,0.448036
-74.743645,0.454966
-75.742516,0.460550
-76.741264,0.466196
-77.773361,0.473033
-78.772171,0.479607
-79.770981,0.485005
-80.803070,0.491177
-81.801888,0.497963
-82.800697,0.504335
-83.832787,0.509974
-84.831604,0.515992
-85.830414,0.522872
-86.862572,0.529218
-87.861313,0.534497
-88.860130,0.540758
-89.892227,0.548014
-90.891098,0.553804
-91.889847,0.559239
-92.921997,0.565915
-93.920753,0.572846
-94.919624,0.578448
-95.951653,0.584322
-96.950531,0.590998
-97.949280,0.597753
-98.981438,0.603329
-99.980179,0.609006
-100.979065,0.615844
-102.011093,0.622676
-103.009964,0.628012
-104.008705,0.634046
-105.040863,0.641172
-106.039619,0.647322
-107.071777,0.652888
-108.070587,0.659095
-109.069389,0.666087
-110.101486,0.672421
-111.100304,0.677746
-112.099113,0.684011
-113.131271,0.691238
-114.130020,0.697117
-115.128899,0.702612
-116.160927,0.709198
-117.159798,0.716188
-118.158554,0.722075
-119.190704,0.727733
-120.189453,0.734201
-121.188255,0.741200
-122.220421,0.747046
-123.219162,0.752621
-124.218033,0.759345
-125.250061,0.766363
-126.248947,0.771769
-127.247688,0.777513
-128.279846,0.784534
-129.278656,0.791289
-130.277481,0.796844
-131.309555,0.802780
-132.308380,0.809555
-133.307190,0.816285
-134.339355,0.821932
-135.338089,0.827766
-136.336975,0.834542
-137.369003,0.841584
-138.367874,0.846985
-139.366684,0.852642
-140.398773,0.859855
-141.397583,0.866601
-142.396408,0.871938
-143.428497,0.878068
-144.427368,0.885126
-145.426117,0.891528
-146.458282,0.897057
-147.457077,0.903150
-148.455902,0.910223
-149.487991,0.916825
-150.486877,0.922147
-151.485611,0.928297
-152.517776,0.935571
-153.516525,0.941735
-154.515396,0.947150
-155.547485,0.953686
-156.546295,0.960845
-157.578400,0.966853
-158.577271,0.972447
-159.576004,0.979142
-160.608170,0.986253
-161.606918,0.991741
-162.605804,0.997496
-163.637894,1.004568
-164.636765,1.011562
-165.635513,1.016847
-166.667603,1.022864
-167.666428,1.029793
-168.665222,1.036698
-169.697372,1.042451
-170.696136,1.048118
-171.695007,1.054861
-172.727097,1.062194
-173.725922,1.067730
-174.724731,1.073303
-175.756882,1.080224
-176.755630,1.087414
-177.754501,1.093041
-178.786606,1.098948
-179.785477,1.105533
-180.784225,1.112565
-181.816376,1.118484
-182.815125,1.124208
-183.813995,1.130957
-184.846100,1.138017
-185.844971,1.143459
-186.843719,1.149673
-187.875870,1.156899
-188.874695,1.163425
-189.873505,1.168814
-190.905594,1.175241
-191.904465,1.182372
-192.903214,1.188855
-193.935364,1.194460
-194.934189,1.200478
-195.933060,1.207415
-196.965088,1.214863
-197.963959,1.220138
-198.962769,1.225889
-199.994934,1.232997
-200.993683,1.240228
-201.992554,1.245695
-203.024643,1.251544
-204.023468,1.258294
-205.022263,1.265677
-206.054428,1.271409
-207.053177,1.277040
-208.085403,1.284096
-209.084137,1.291358
-210.082886,1.297214
-211.115112,1.302839
-212.113861,1.309557
-213.112732,1.317031
-214.144836,1.322854
-215.143646,1.328507
-216.142456,1.335279
-217.174606,1.342888
-218.173355,1.348496
-219.172241,1.354298
-220.204330,1.361071
-221.203201,1.367872
-222.201950,1.375054
-223.234177,1.380423
-224.232925,1.386279
-225.231796,1.393516
-226.263885,1.400202
-227.262772,1.407160
-228.261505,1.412349
-229.293671,1.418617
-230.292496,1.425881
-231.291367,1.433069
-232.323380,1.438487
-233.322250,1.444576
-234.321075,1.451762
-235.353226,1.459104
-236.351990,1.464269
-237.350861,1.470188
-238.382965,1.477660
-239.381836,1.484840
-240.380569,1.490125
-241.412811,1.496374
-242.411545,1.503421
-243.410416,1.510796
-244.442505,1.516715
-245.441391,1.522332
-246.440125,1.529124
-247.472305,1.536964
-248.471100,1.542544
-249.469971,1.548198
-250.502060,1.555381
-251.500946,1.562709
-252.499710,1.569084
-253.531860,1.574650
-254.530670,1.581044
-255.529404,1.588578
-256.561554,1.595613
-257.560394,1.600830
-258.559265,1.607052
-259.591339,1.614625
-260.590240,1.621914
-261.622253,1.627399
-262.621124,1.633278
-263.619934,1.640631
-264.652100,1.648405
-265.650909,1.653826
-266.649780,1.659568
-267.681824,1.666741
-268.680695,1.674626
-269.679504,1.680133
-270.711670,1.686009
-271.710449,1.693099
-272.709351,1.700631
-273.741425,1.706892
-274.740295,1.712338
-275.739075,1.719328
-276.771210,1.727362
-277.770050,1.732970
-278.768921,1.738706
-279.800995,1.745896
-280.799866,1.753631
-281.798615,1.759361
-282.830841,1.765395
-283.829590,1.772318
-284.828461,1.779912
-285.860565,1.785974
-286.859436,1.791878
-287.858246,1.798890
-288.890411,1.806399
-289.889130,1.812079
-290.888000,1.818995
-291.920105,1.826290
-292.918976,1.833487
-293.917816,1.838740
-294.949951,1.845200
-295.948761,1.852876
-296.947662,1.859983
-297.979736,1.865556
-298.978485,1.871883
-299.977356,1.879571
-301.009460,1.886893
-302.008331,1.892174
-303.007141,1.898708
-304.039307,1.906642
-305.038116,1.913667
-306.036987,1.918983
-307.069031,1.925674
-308.067963,1.933159
-309.066711,1.940936
-310.098877,1.946542
-311.097656,1.952257
-312.129852,1.959706
-313.128632,1.967682
-314.127502,1.973878
-315.159607,1.979905
-316.158478,1.986753
-317.157318,1.994271
-318.189453,2.000076
-319.188263,2.007035
-320.187134,2.014925
-321.219177,2.021330
-322.218109,2.027237
-323.216858,2.034042
-324.249084,2.041323
-325.247833,2.048847
-326.246704,2.055016
-327.278809,2.061380
-328.277679,2.068535
-329.276489,2.076199
-330.308655,2.082589
-331.307465,2.088337
-332.306335,2.095546
-333.338440,2.103932
-334.337311,2.109522
-335.336121,2.115577
-336.368286,2.123426
-337.367096,2.131104
-338.365967,2.136846
-339.398071,2.143431
-340.396942,2.150145
-341.395691,2.157296
-342.427917,2.165489
-343.426697,2.171619
-344.425476,2.177452
-345.457672,2.184696
-346.456451,2.192517
-347.455322,2.199048
-348.487396,2.205480
-349.486267,2.212900
-350.485077,2.220969
-351.517242,2.226626
-352.516052,2.232876
-353.514923,2.240561
-354.547028,2.248602
-355.545898,2.254697
-356.544708,2.260675
-357.576843,2.268141
-358.575684,2.275410
-359.574554,2.283073
-360.606659,2.289768
-361.605530,2.295594
-362.604340,2.303035
-363.636536,2.311292
-364.635315,2.317752
-365.667511,2.323916
-366.666290,2.330623
-367.665222,2.337930
-368.697266,2.345964
-369.696167,2.352378
-370.694916,2.359562
-371.727142,2.367832
-372.725891,2.373483
-373.724854,2.379746
-374.756927,2.387780
-375.755829,2.394202
-376.754608,2.392922
-377.786774,2.391815
-378.785583,2.392508
