2,EURO NASCAR V8GP,baseline
Steering Wheel Angle,Yaw Rate
362.622681,2.687855
361.623901,2.692009
360.625153,2.711094
359.593109,2.708081
358.594330,2.700421
357.595612,2.690922
356.563568,2.678664
355.564758,2.670928
354.566010,2.661832
353.533997,2.652953
352.535248,2.652083
351.536469,2.646581
350.504425,2.640897
349.505646,2.631760
348.506927,2.629064
347.474854,2.621998
346.476105,2.616271
345.477325,2.609736
344.445282,2.602383
343.446533,2.596592
342.447784,2.591149
341.415710,2.584616
340.416962,2.578888
339.418213,2.572974
338.386139,2.565789
337.387360,2.560180
336.388641,2.555213
335.356598,2.549635
334.357849,2.542783
333.359039,2.537458
332.326996,2.531409
331.328247,2.525023
330.329498,2.518176
329.297424,2.511898
328.298645,2.504661
327.299927,2.501052
326.267853,2.491946
325.269073,2.485018
324.270355,2.476056
323.238281,2.469339
322.239502,2.461758
321.240784,2.453725
320.208710,2.446452
319.209961,2.438664
318.211212,2.430634
317.179138,2.423048
316.180359,2.414722
315.181641,2.407075
314.149536,2.399242
313.150787,2.391519
312.152069,2.383433
311.119995,2.376101
310.121185,2.368224
309.089172,2.360461
308.090393,2.352686
307.091644,2.345350
306.059570,2.336793
305.060852,2.329437
304.062042,2.321060
303.029999,2.312892
302.031219,2.305400
301.032471,2.298403
300.000427,2.290475
299.001678,2.282806
298.002899,2.275139
296.970825,2.267660
295.972076,2.258984
294.973328,2.251669
293.941254,2.244246
292.942474,2.235909
291.943726,2.228745
290.911652,2.220669
289.912903,2.212904
288.914154,2.205710
287.882080,2.196998
286.883301,2.189517
285.884552,2.182517
284.852478,2.173922
283.853729,2.166424
282.854980,2.158702
281.822876,2.151157
280.824127,2.142406
279.825317,2.135290
278.793304,2.127708
277.794556,2.119650
276.795776,2.111344
275.763702,2.103594
274.764984,2.096410
273.766174,2.088993
272.734131,2.080351
271.735382,2.073351
270.736603,2.065560
269.704529,2.057055
268.705780,2.049154
267.707001,2.041529
266.674927,2.033996
265.676178,2.025994
264.677399,2.018105
263.645355,2.010798
262.646576,2.002706
261.647827,1.995014
260.615753,1.986835
259.617004,1.979381
258.584900,1.971838
257.586182,1.964191
256.587372,1.956170
255.555344,1.947880
254.556549,1.940943
253.557785,1.933032
252.525742,1.924791
251.526947,1.917522
250.528183,1.909676
249.496140,1.901030
248.497330,1.893692
247.498581,1.886257
246.466522,1.878700
245.467773,1.871456
244.468964,1.863361
243.436951,1.855507
242.438156,1.847632
241.439392,1.840013
240.407318,1.832021
239.408585,1.823809
238.409760,1.817024
237.377716,1.808558
236.378922,1.800666
235.380157,1.792948
234.348114,1.785005
233.349335,1.777617
232.350586,1.769482
231.318527,1.762235
230.319733,1.754878
229.320969,1.746599
228.288895,1.738534
227.290115,1.731061
226.291382,1.724010
225.259277,1.715889
224.260529,1.708467
223.261749,1.700623
222.229706,1.692428
221.230927,1.684975
220.232147,1.677115
219.200073,1.669108
218.201324,1.661241
217.202515,1.653596
216.170486,1.645880
215.171677,1.638103
214.172928,1.630200
213.140839,1.622514
212.142090,1.614550
211.143280,1.606933
210.111252,1.599085
209.112442,1.592075
208.113693,1.584257
207.081604,1.576542
206.082840,1.568568
205.050766,1.560626
204.052017,1.553171
203.053238,1.545261
202.021164,1.537137
201.022385,1.529706
200.023605,1.522333
198.991516,1.513834
197.992783,1.506491
196.994003,1.499309
195.961929,1.490464
194.963150,1.482810
193.964371,1.475551
192.932281,1.467512
191.933533,1.460271
190.934753,1.452812
189.902695,1.444363
188.903946,1.437169
187.905136,1.429366
186.873108,1.421267
185.874298,1.413675
184.875549,1.406007
183.843445,1.398372
182.844696,1.390174
181.845901,1.382600
180.813843,1.375165
179.815063,1.367517
178.816269,1.359685
177.784180,1.351766
176.785431,1.343715
175.786636,1.336369
174.754608,1.328689
173.755783,1.321223
172.757034,1.313080
171.724945,1.305035
170.726196,1.297588
169.727371,1.289946
168.695328,1.282016
167.696548,1.274557
166.697769,1.267092
165.665665,1.259104
164.666916,1.251493
163.668106,1.243478
162.636078,1.235315
161.637283,1.228338
160.638535,1.220873
159.606430,1.212589
158.607651,1.204909
157.608841,1.197463
156.576813,1.189419
155.578003,1.181723
154.545944,1.173899
153.547165,1.166336
152.548386,1.158729
151.516296,1.150530
150.517532,1.142957
149.518738,1.134979
148.486664,1.127395
147.487885,1.120156
146.489105,1.112268
145.457016,1.104328
144.458267,1.096542
143.459503,1.088676
142.427399,1.081040
141.428650,1.073732
140.429840,1.065746
139.397781,1.057783
138.399002,1.050080
137.400223,1.042311
136.368118,1.034418
135.369385,1.026803
134.370560,1.019496
133.338501,1.011532
132.339691,1.003649
131.340958,0.995921
130.308853,0.988058
129.310074,0.980829
128.311264,0.973140
127.279228,0.965313
126.280426,0.957456
125.281647,0.949937
124.249550,0.942072
123.250801,0.934461
122.251991,0.927051
121.219940,0.919042
120.221115,0.911333
119.222366,0.903383
118.190239,0.895320
117.191505,0.887810
116.192688,0.880420
115.160629,0.872823
114.161819,0.865096
113.163063,0.856922
112.130974,0.849379
111.132202,0.841993
110.133385,0.834048
109.101326,0.826364
108.102509,0.818831
107.103767,0.811009
106.071671,0.803023
105.072891,0.795243
104.074081,0.787660
103.042015,0.779864
102.043213,0.772405
101.011185,0.764538
100.012398,0.756848
99.013596,0.749355
97.981529,0.741328
96.982719,0.733922
95.983971,0.726204
94.951881,0.717989
93.953102,0.710502
92.954285,0.702913
91.922226,0.695038
90.923409,0.687453
89.924667,0.679652
88.892548,0.671689
87.893791,0.664178
86.894981,0.656606
85.862923,0.648775
84.864113,0.641069
83.865334,0.633639
82.833237,0.625653
81.834457,0.617961
80.835648,0.610325
79.803581,0.602455
78.804771,0.594832
77.806030,0.587439
76.773903,0.579445
75.775154,0.571901
74.776337,0.564149
73.744286,0.556034
72.745476,0.548614
71.746696,0.541227
70.714600,0.533245
69.715820,0.525657
68.717003,0.518119
67.684944,0.510054
66.686142,0.502383
65.687355,0.494948
64.655266,0.486878
63.656487,0.479345
62.657673,0.471836
61.625610,0.463677
60.626797,0.456102
59.628021,0.448644
58.595932,0.440824
57.597145,0.433029
56.598400,0.425249
55.566277,0.417443
54.567528,0.409864
53.568687,0.402336
52.536625,0.394474
51.537811,0.386710
50.505753,0.378723
49.506939,0.371143
48.508160,0.363557
47.476070,0.355839
46.477287,0.348208
45.478477,0.340437
44.446415,0.332496
43.447601,0.324956
42.448826,0.317430
41.416702,0.309410
40.417953,0.302008
39.419140,0.293953
38.387077,0.286098
37.388233,0.278496
36.389488,0.270617
35.357365,0.262862
34.358585,0.255636
33.359772,0.247996
32.327709,0.239956
31.328901,0.231984
30.330120,0.224877
29.297997,0.216759
28.299248,0.209371
27.300406,0.201723
26.268345,0.193703
25.269531,0.186167
24.270754,0.178402
23.238661,0.170373
22.239880,0.162596
21.241070,0.155082
20.209009,0.147287
19.210163,0.139935
18.211416,0.132230
17.179293,0.124026
16.180511,0.116439
15.181702,0.108775
14.149640,0.101080
13.150796,0.093555
12.152049,0.085851
11.119988,0.077594
10.121144,0.070175
9.122396,0.062684
8.090272,0.054849
7.091493,0.047116
6.092681,0.039201
5.060620,0.031447
4.061809,0.024060
3.062997,0.016388
2.030904,0.009882
1.032093,0.005181
0.000000,0.001546
-0.998747,0.004873
-1.997624,0.013418
-3.029652,0.021420
-4.028464,0.029135
-5.027276,0.036831
-6.059368,0.044753
-7.058115,0.052367
-8.056992,0.059930
-9.089020,0.067825
-10.087896,0.075541
-11.086643,0.083110
-12.118735,0.091212
-13.117547,0.098757
-14.116360,0.106468
-15.148452,0.114493
-16.147263,0.122013
-17.146011,0.129488
-18.178169,0.137337
-19.176916,0.145048
-20.175728,0.152805
-21.207819,0.160596
-22.206633,0.168102
-23.205444,0.176005
-24.237535,0.184048
-25.236284,0.191466
-26.235159,0.199082
-27.267187,0.206919
-28.266064,0.214626
-29.264811,0.222191
-30.296968,0.230373
-31.295717,0.238017
-32.294464,0.245594
-33.326618,0.253704
-34.325367,0.261215
-35.324245,0.268631
-36.356274,0.276567
-37.355083,0.284230
-38.353897,0.291789
-39.385986,0.299840
-40.384800,0.307336
-41.383614,0.315097
-42.415703,0.323015
-43.414516,0.330689
-44.413265,0.338469
-45.445419,0.346198
-46.444168,0.353990
-47.443043,0.361638
-48.475071,0.369497
-49.473949,0.377047
-50.472694,0.385001
-51.504852,0.392896
-52.503601,0.400396
-53.535759,0.408062
-54.534504,0.416086
-55.533318,0.423708
-56.565411,0.431542
-57.564224,0.439193
-58.563034,0.446734
-59.595127,0.454646
-60.593937,0.462238
-61.592751,0.469853
-62.624840,0.478004
-63.623653,0.485663
-64.622467,0.493365
-65.654556,0.501140
-66.653366,0.508581
-67.652184,0.516282
-68.684273,0.524298
-69.683090,0.531951
-70.681831,0.539649
-71.713989,0.547465
-72.712738,0.555045
-73.711617,0.562811
-74.743645,0.570801
-75.742516,0.578320
-76.741264,0.585988
-77.773361,0.594003
-78.772171,0.601598
-79.770981,0.609398
-80.803070,0.617321
-81.801888,0.624758
-82.800697,0.632509
-83.832787,0.640444
-84.831604,0.648021
-85.830414,0.655843
-86.862572,0.663722
-87.861313,0.671391
-88.860130,0.679017
-89.892227,0.686943
-90.891098,0.694505
-91.889847,0.702191
-92.921997,0.710233
-93.920753,0.717796
-94.919624,0.725465
-95.951653,0.733482
-96.950531,0.740976
-97.949280,0.748790
-98.981438,0.756806
-99.980179,0.764322
-100.979065,0.772047
-102.011093,0.780143
-103.009964,0.787581
-104.008705,0.795299
-105.040863,0.803403
-106.039619,0.810881
-107.071777,0.818912
-108.070587,0.826506
-109.069389,0.834227
-110.101486,0.842012
-111.100304,0.849733
-112.099113,0.857464
-113.131271,0.865388
-114.130020,0.873167
-115.128899,0.880529
-116.160927,0.889010
-117.159798,0.896823
-118.158554,0.904124
-119.190704,0.911998
-120.189453,0.919646
-121.188255,0.927203
-122.220421,0.935402
-123.219162,0.942942
-124.218033,0.950411
-125.250061,0.959024
-126.248947,0.966531
-127.247688,0.973922
-128.279846,0.982175
-129.278656,0.989517
-130.277481,0.997366
-131.309555,1.005209
-132.308380,1.012847
-133.307190,1.020450
-134.339355,1.028526
-135.338089,1.036174
-136.336975,1.043923
-137.369003,1.051979
-138.367874,1.059434
-139.366684,1.067165
-140.398773,1.075180
-141.397583,1.082858
-142.396408,1.090577
-143.428497,1.098577
-144.427368,1.106279
-145.426117,1.113745
-146.458282,1.121669
-147.457077,1.129463
-148.455902,1.137091
-149.487991,1.145133
-150.486877,1.152896
-151.485611,1.160299
-152.517776,1.168620
-153.516525,1.176034
-154.515396,1.183715
-155.547485,1.191850
-156.546295,1.199376
-157.578400,1.207522
-158.577271,1.215084
-159.576004,1.222747
-160.608170,1.230904
-161.606918,1.238476
-162.605804,1.246121
-163.637894,1.254518
-164.636765,1.261817
-165.635513,1.269476
-166.667603,1.277513
-167.666428,1.285204
-168.665222,1.292871
-169.697372,1.300871
-170.696136,1.308557
-171.695007,1.316257
-172.727097,1.324023
-173.725922,1.331750
-174.724731,1.339799
-175.756882,1.347660
-176.755630,1.355162
-177.754501,1.362948
-178.786606,1.371077
-179.785477,1.378625
-180.784225,1.386340
-181.816376,1.394475
-182.815125,1.402075
-183.813995,1.409877
-184.846100,1.417762
-185.844971,1.425511
-186.843719,1.433142
-187.875870,1.441271
-188.874695,1.448849
-189.873505,1.456374
-190.905594,1.464890
-191.904465,1.472159
-192.903214,1.480120
-193.935364,1.488067
-194.934189,1.495898
-195.933060,1.503576
-196.965088,1.511536
-197.963959,1.519308
-198.962769,1.526819
-199.994934,1.535124
-200.993683,1.543010
-201.992554,1.550391
-203.024643,1.558321
-204.023468,1.566360
-205.022263,1.573932
-206.054428,1.581855
-207.053177,1.590129
-208.085403,1.597515
-209.084137,1.605241
-210.082886,1.613326
-211.115112,1.620893
-212.113861,1.629083
-213.112732,1.636891
-214.144836,1.644574
-215.143646,1.652303
-216.142456,1.659892
-217.174606,1.668166
-218.173355,1.675857
-219.172241,1.683469
-220.204330,1.691863
-221.203201,1.699300
-222.201950,1.706975
-223.234177,1.715049
-224.232925,1.723722
-225.231796,1.731179
-226.263885,1.738909
-227.262772,1.746171
-228.261505,1.753874
-229.293671,1.762145
-230.292496,1.770145
-231.291367,1.777640
-232.323380,1.785707
-233.322250,1.793539
-234.321075,1.801054
-235.353226,1.809155
-236.351990,1.817140
-237.350861,1.825031
-238.382965,1.832696
-239.381836,1.840657
-240.380569,1.848311
-241.412811,1.856632
-242.411545,1.864498
-243.410416,1.872157
-244.442505,1.879941
-245.441391,1.887863
-246.440125,1.895631
-247.472305,1.903902
-248.471100,1.911261
-249.469971,1.919416
-250.502060,1.927193
-251.500946,1.935065
-252.499710,1.943232
-253.531860,1.950838
-254.530670,1.958696
-255.529404,1.966437
-256.561554,1.974861
-257.560394,1.983160
-258.559265,1.990242
-259.591339,1.998205
-260.590240,2.006067
-261.622253,2.014085
-262.621124,2.022087
-263.619934,2.029938
-264.652100,2.037968
-265.650909,2.045515
-266.649780,2.053316
-267.681824,2.061664
-268.680695,2.069295
-269.679504,2.077097
-270.711670,2.085297
-271.710449,2.092429
-272.709351,2.100808
-273.741425,2.109052
-274.740295,2.116634
-275.739075,2.124465
-276.771210,2.133032
-277.770050,2.141307
-278.768921,2.148420
-279.800995,2.156302
-280.799866,2.164150
-281.798615,2.172133
-282.830841,2.180576
-283.829590,2.187852
-284.828461,2.195640
-285.860565,2.203726
-286.859436,2.211906
-287.858246,2.219629
-288.890411,2.227629
-289.889130,2.235553
-290.888000,2.243832
-291.920105,2.251249
-292.918976,2.259931
-293.917816,2.267526
-294.949951,2.274854
-295.948761,2.283425
-296.947662,2.291262
-297.979736,2.298841
-298.978485,2.306938
-299.977356,2.314549
-301.009460,2.323115
-302.008331,2.331331
-303.007141,2.339098
-304.039307,2.347001
-305.038116,2.354308
-306.036987,2.362257
-307.069031,2.370804
-308.067963,2.378184
-309.066711,2.386191
-310.098877,2.394441
-311.097656,2.402045
-312.129852,2.410510
-313.128632,2.418276
-314.127502,2.426223
-315.159607,2.434116
-316.158478,2.442349
-317.157318,2.450788
-318.189453,2.458853
-319.188263,2.465917
-320.187134,2.473990
-321.219177,2.482549
-322.218109,2.489954
-323.216858,2.498133
-324.249084,2.506321
-325.247833,2.513588
-326.246704,2.522366
-327.278809,2.529975
-328.277679,2.538141
-329.276489,2.545787
-330.308655,2.554072
-331.307465,2.562053
-332.306335,2.569222
-333.338440,2.578012
-334.337311,2.585594
-335.336121,2.593854
-336.368286,2.601926
-337.367096,2.610340
-338.365967,2.617778
-339.398071,2.625663
-340.396942,2.633672
-341.395691,2.641797
-342.427917,2.650353
-343.426697,2.658199
-344.425476,2.665917
-345.457672,2.674560
-346.456451,2.681691
-347.455322,2.689908
-348.487396,2.697993
-349.486267,2.706134
-350.485077,2.714368
-351.517242,2.722765
-352.516052,2.729865
-353.514923,2.738152
-354.547028,2.746063
-355.545898,2.754209
-356.544708,2.762062
-357.576843,2.771048
-358.575684,2.777985
-359.574554,2.786860
-360.606659,2.788594
-361.605530,2.789037
-362.604340,2.788748
