2,Mazda MX-5 Cup,baseline
Steering Wheel Angle,Yaw Rate
405.069702,3.158875
404.037689,3.158130
403.038910,3.168729
402.040161,3.181119
401.008118,3.179091
400.009369,3.170352
399.010620,3.144130
397.978607,3.137286
396.979797,3.128807
395.981079,3.119622
394.949005,3.112487
393.950256,3.105331
392.951538,3.098910
391.919495,3.090434
390.920715,3.081733
389.921997,3.073158
388.889893,3.064217
387.891144,3.053467
386.892426,3.044696
385.860382,3.036152
384.861633,3.025881
383.862885,3.019390
382.830811,3.011849
381.832031,3.002466
380.833282,2.992066
379.801239,2.981842
378.802521,2.973755
377.803772,2.967797
376.771698,2.959060
375.772919,2.949445
374.774170,2.939497
373.742157,2.929303
372.743378,2.920532
371.744659,2.914208
370.712555,2.906458
369.713837,2.897573
368.715057,2.887193
367.683044,2.876747
366.684296,2.869987
365.685516,2.863401
364.653442,2.853966
363.654724,2.843965
362.622681,2.833785
361.623901,2.826134
360.625153,2.820105
359.593109,2.810924
358.594330,2.801265
357.595612,2.791540
356.563568,2.782693
355.564758,2.776608
354.566010,2.768834
353.533997,2.759289
352.535248,2.748874
351.536469,2.739638
350.504425,2.731856
349.505646,2.725464
348.506927,2.716895
347.474854,2.706518
346.476105,2.696461
345.477325,2.689249
344.445282,2.682795
343.446533,2.674333
342.447784,2.664148
341.415710,2.653815
340.416962,2.646701
339.418213,2.639726
338.386139,2.632107
337.387360,2.623183
336.388641,2.612983
335.356598,2.604414
334.357849,2.598092
333.359039,2.589892
332.326996,2.580623
331.328247,2.571029
330.329498,2.561280
329.297424,2.553859
328.298645,2.548112
327.299927,2.538002
326.267853,2.529008
325.269073,2.519755
324.270355,2.512765
323.238281,2.505868
322.239502,2.495965
321.240784,2.485731
320.208710,2.480683
319.209961,2.472420
318.211212,2.463640
317.179138,2.453232
316.180359,2.444008
315.181641,2.437143
314.149536,2.430676
313.150787,2.422086
312.152069,2.412387
311.119995,2.402597
310.121185,2.395212
309.089172,2.388723
308.090393,2.381043
307.091644,2.372047
306.059570,2.361850
305.060852,2.352848
304.062042,2.345228
303.029999,2.338548
302.031219,2.331410
301.032471,2.322522
300.000427,2.312368
299.001678,2.303203
298.002899,2.296699
296.970825,2.289616
295.972076,2.281713
294.973328,2.272439
293.941254,2.262345
292.942474,2.254963
291.943726,2.249374
290.911652,2.239456
289.912903,2.230742
288.914154,2.221426
287.882080,2.215707
286.883301,2.208341
285.884552,2.199142
284.852478,2.189221
283.853729,2.180612
282.854980,2.173487
281.822876,2.166903
280.824127,2.158676
279.825317,2.149657
278.793304,2.139685
277.794556,2.131501
276.795776,2.124766
275.763702,2.117860
274.764984,2.110126
273.766174,2.100900
272.734131,2.091522
271.735382,2.082686
270.736603,2.076026
269.704529,2.069222
268.705780,2.061546
267.707001,2.053084
266.674927,2.043185
265.676178,2.034516
264.677399,2.028912
263.645355,2.020077
262.646576,2.011992
261.647827,2.001855
260.615753,1.994359
259.617004,1.988539
258.584900,1.980763
257.586182,1.972027
256.587372,1.962689
255.555344,1.954685
254.556549,1.946673
253.557785,1.940362
252.525742,1.930913
251.526947,1.921259
250.528183,1.914279
249.496140,1.908257
248.497330,1.899773
247.498581,1.891374
246.466522,1.882227
245.467773,1.874390
244.468964,1.867321
243.436951,1.860069
242.438156,1.851948
241.439392,1.842932
240.407318,1.833383
239.408585,1.825407
238.409760,1.818658
237.377716,1.811825
236.378922,1.804695
235.380157,1.795879
234.348114,1.785796
233.349335,1.778869
232.350586,1.771313
231.318527,1.764420
230.319733,1.754379
229.320969,1.745915
228.288895,1.740382
227.290115,1.732502
226.291382,1.724159
225.259277,1.714810
224.260529,1.706862
223.261749,1.700689
222.229706,1.692584
221.230927,1.684604
220.232147,1.674766
219.200073,1.667374
218.201324,1.661789
217.202515,1.651705
216.170486,1.644027
215.171677,1.635164
214.172928,1.629309
213.140839,1.621545
212.142090,1.612543
211.143280,1.604267
210.111252,1.595099
209.112442,1.588447
208.113693,1.582304
207.081604,1.574260
206.082840,1.566189
205.050766,1.556260
204.052017,1.548705
203.053238,1.543265
202.021164,1.533661
201.022385,1.525830
200.023605,1.516923
198.991516,1.511128
197.992783,1.503938
196.994003,1.493956
195.961929,1.486077
194.963150,1.478504
193.964371,1.472238
192.932281,1.463399
191.933533,1.453951
190.934753,1.447551
189.902695,1.439692
188.903946,1.433137
187.905136,1.423475
186.873108,1.414777
185.874298,1.409446
184.875549,1.401599
183.843445,1.393455
182.844696,1.383804
181.845901,1.377048
180.813843,1.370601
179.815063,1.361895
178.816269,1.353477
177.784180,1.344345
176.785431,1.337682
175.786636,1.331625
174.754608,1.323334
173.755783,1.315307
172.757034,1.305982
171.724945,1.298321
170.726196,1.292773
169.727371,1.283894
168.695328,1.275751
167.696548,1.266737
166.697769,1.260920
165.665665,1.253812
164.666916,1.243831
163.668106,1.236678
162.636078,1.228912
161.637283,1.222635
160.638535,1.214255
159.606430,1.204791
158.607651,1.198310
157.608841,1.190760
156.576813,1.183639
155.578003,1.174545
154.545944,1.166143
153.547165,1.160311
152.548386,1.151989
151.516296,1.144226
150.517532,1.134892
149.518738,1.129061
148.486664,1.122128
147.487885,1.112205
146.489105,1.105195
145.457016,1.097256
144.458267,1.091120
143.459503,1.082085
142.427399,1.073017
141.428650,1.067451
140.429840,1.059482
139.397781,1.051578
138.399002,1.042150
137.400223,1.034867
136.368118,1.028651
135.369385,1.021598
134.370560,1.013505
133.338501,1.004285
132.339691,0.995984
131.340958,0.988429
130.308853,0.981818
129.310074,0.975079
128.311264,0.968123
127.279228,0.959111
126.280426,0.950307
125.281647,0.942080
124.249550,0.935198
123.250801,0.928624
122.251991,0.921745
121.219940,0.913237
120.221115,0.904048
119.222366,0.896322
118.190239,0.889165
117.191505,0.883094
116.192688,0.875632
115.160629,0.866831
114.161819,0.857853
113.163063,0.850068
112.130974,0.844371
111.132202,0.836374
110.133385,0.828510
109.101326,0.819252
108.102509,0.812736
107.103767,0.805833
106.071671,0.798868
105.072891,0.789706
104.074081,0.781158
103.042015,0.775310
102.043213,0.767404
101.011185,0.759362
100.012398,0.750368
99.013596,0.744321
97.981529,0.737570
96.982719,0.727926
95.983971,0.720658
94.951881,0.712959
93.953102,0.706967
92.954285,0.698193
91.922226,0.689235
90.923409,0.683569
89.924667,0.675637
88.892548,0.667762
87.893791,0.658641
86.894981,0.652321
85.862923,0.645981
84.864113,0.636794
83.865334,0.629270
82.833237,0.620731
81.834457,0.614707
80.835648,0.607414
79.803581,0.597495
78.804771,0.591020
77.806030,0.583662
76.773903,0.576941
75.775154,0.567928
74.776337,0.559445
73.744286,0.553687
72.745476,0.545714
71.746696,0.538259
70.714600,0.529097
69.715820,0.522304
68.717003,0.516393
67.684944,0.506945
66.686142,0.499500
65.687355,0.491294
64.655266,0.485349
63.656487,0.478121
62.657673,0.468494
61.625610,0.461214
60.626797,0.453743
59.628021,0.447672
58.595932,0.438679
57.597145,0.429907
56.598400,0.423978
55.566277,0.416189
54.567528,0.409189
53.568687,0.400563
52.536625,0.391843
51.537811,0.385874
50.505753,0.378189
49.506939,0.371018
48.508160,0.361826
47.476070,0.354282
46.477287,0.348371
45.478477,0.339863
44.446415,0.331715
43.447601,0.323847
42.448826,0.317793
41.416702,0.310460
40.417953,0.302464
39.419140,0.294039
38.387077,0.285349
37.388233,0.278739
36.389488,0.272058
35.357365,0.264917
34.358585,0.257035
33.359772,0.248504
32.327709,0.239674
31.328901,0.232651
30.330120,0.226091
29.297997,0.219338
28.299248,0.211697
27.300406,0.203387
26.268345,0.194530
25.269531,0.186974
24.270754,0.180204
23.238661,0.173488
22.239880,0.166367
21.241070,0.158676
20.209009,0.149992
19.210163,0.141390
18.211416,0.133925
17.179293,0.126577
16.180511,0.120149
15.181702,0.113217
14.149640,0.104453
13.150796,0.096300
12.152049,0.088177
11.119988,0.081352
10.121144,0.074737
9.122396,0.067365
8.090272,0.059515
7.091493,0.050532
6.092681,0.042951
5.060620,0.037083
4.061809,0.029235
3.062997,0.023017
2.030904,0.016497
1.032093,0.007509
0.000000,0.002337
-0.998747,0.006125
-1.997624,0.014457
-3.029652,0.022413
-4.028464,0.030925
-5.027276,0.036902
-6.059368,0.044411
-7.058115,0.053735
-8.056992,0.060588
-9.089020,0.068404
-10.087896,0.074429
-11.086643,0.082969
-12.118735,0.091948
-13.117547,0.097823
-14.116360,0.105499
-15.148452,0.112918
-16.147263,0.121994
-17.146011,0.129025
-18.178169,0.135236
-19.176916,0.143842
-20.175728,0.151326
-21.207819,0.160014
-22.206633,0.166217
-23.205444,0.173199
-24.237535,0.182782
-25.236284,0.189599
-26.235159,0.197215
-27.267187,0.203372
-28.266064,0.212191
-29.264811,0.220865
-30.296968,0.226970
-31.295717,0.234606
-32.294464,0.241676
-33.326618,0.251238
-34.325367,0.257996
-35.324245,0.264033
-36.356274,0.272179
-37.355083,0.280444
-38.353897,0.289112
-39.385986,0.297007
-40.384800,0.302208
-41.383614,0.310737
-42.415703,0.318661
-43.414516,0.327285
-44.413265,0.333547
-45.445419,0.340257
-46.444168,0.349562
-47.443043,0.356810
-48.475071,0.365027
-49.473949,0.370813
-50.472694,0.378676
-51.504852,0.388007
-52.503601,0.395134
-53.535759,0.402660
-54.534504,0.408450
-55.533318,0.417356
-56.565411,0.426657
-57.564224,0.432604
-58.563034,0.439501
-59.595127,0.446721
-60.593937,0.454723
-61.592751,0.463569
-62.624840,0.472137
-63.623653,0.479130
-64.622467,0.485890
-65.654556,0.492479
-66.653366,0.500075
-67.652184,0.508862
-68.684273,0.517450
-69.683090,0.525518
-70.681831,0.531966
-71.713989,0.538584
-72.712738,0.545836
-73.711617,0.553546
-74.743645,0.562442
-75.742516,0.570946
-76.741264,0.578624
-77.773361,0.585581
-78.772171,0.591748
-79.770981,0.598877
-80.803070,0.607233
-81.801888,0.615692
-82.800697,0.624427
-83.832787,0.632180
-84.831604,0.638289
-85.830414,0.644856
-86.862572,0.652741
-87.861313,0.661078
-88.860130,0.670057
-89.892227,0.676119
-90.891098,0.683991
-91.889847,0.691548
-92.921997,0.700343
-93.920753,0.706861
-94.919624,0.713406
-95.951653,0.722105
-96.950531,0.730109
-97.949280,0.739165
-98.981438,0.745008
-99.980179,0.751938
-100.979065,0.761856
-102.011093,0.768925
-103.009964,0.776422
-104.008705,0.782498
-105.040863,0.791551
-106.039619,0.800426
-107.071777,0.806644
-108.070587,0.813785
-109.069389,0.821021
-110.101486,0.830484
-111.100304,0.838929
-112.099113,0.844459
-113.131271,0.852990
-114.130020,0.860340
-115.128899,0.869284
-116.160927,0.876032
-117.159798,0.882310
-118.158554,0.892172
-119.190704,0.899417
-120.189453,0.906692
-121.188255,0.913073
-122.220421,0.922639
-123.219162,0.931269
-124.218033,0.936686
-125.250061,0.944931
-126.248947,0.952545
-127.247688,0.961681
-128.279846,0.968389
-129.278656,0.974492
-130.277481,0.984114
-131.309555,0.991763
-132.308380,1.000078
-133.307190,1.005807
-134.339355,1.012941
-135.338089,1.021526
-136.336975,1.030302
-137.369003,1.039038
-138.367874,1.046307
-139.366684,1.051878
-140.398773,1.059622
-141.397583,1.067513
-142.396408,1.076723
-143.428497,1.085575
-144.427368,1.091070
-145.426117,1.099001
-146.458282,1.106950
-147.457077,1.116059
-148.455902,1.122229
-149.487991,1.128905
-150.486877,1.138772
-151.485611,1.146144
-152.517776,1.154090
-153.516525,1.159974
-154.515396,1.168446
-155.547485,1.178424
-156.546295,1.184887
-157.578400,1.192541
-158.577271,1.198736
-159.576004,1.207753
-160.608170,1.217287
-161.606918,1.222717
-162.605804,1.230770
-163.637894,1.238724
-164.636765,1.247998
-165.635513,1.254394
-166.667603,1.260814
-167.666428,1.270632
-168.665222,1.277943
-169.697372,1.286599
-170.696136,1.292096
-171.695007,1.300518
-172.727097,1.310780
-173.725922,1.316483
-174.724731,1.324142
-175.756882,1.331729
-176.755630,1.340432
-177.754501,1.349420
-178.786606,1.356745
-179.785477,1.363164
-180.784225,1.369848
-181.816376,1.378370
-182.815125,1.387685
-183.813995,1.395997
-184.846100,1.404427
-185.844971,1.411110
-186.843719,1.416963
-187.875870,1.425017
-188.874695,1.433823
-189.873505,1.442668
-190.905594,1.451387
-191.904465,1.457171
-192.903214,1.464890
-193.935364,1.472798
-194.934189,1.481764
-195.933060,1.489175
-196.965088,1.495101
-197.963959,1.505032
-198.962769,1.512613
-199.994934,1.521302
-200.993683,1.526995
-201.992554,1.534980
-203.024643,1.545645
-204.023468,1.551894
-205.022263,1.558858
-206.054428,1.566429
-207.053177,1.575301
-208.085403,1.584906
-209.084137,1.592714
-210.082886,1.599426
-211.115112,1.605434
-212.113861,1.613857
-213.112732,1.622945
-214.144836,1.632056
-215.143646,1.640305
-216.142456,1.645749
-217.174606,1.652850
-218.173355,1.661667
-219.172241,1.670847
-220.204330,1.679751
-221.203201,1.687093
-222.201950,1.692927
-223.234177,1.700567
-224.232925,1.709540
-225.231796,1.719059
-226.263885,1.726255
-227.262772,1.734058
-228.261505,1.740202
-229.293671,1.749806
-230.292496,1.759249
-231.291367,1.764810
-232.323380,1.773217
-233.322250,1.781187
-234.321075,1.790706
-235.353226,1.798334
-236.351990,1.804370
-237.350861,1.811780
-238.382965,1.821185
-239.381836,1.830303
-240.380569,1.838877
-241.412811,1.845892
-242.411545,1.851776
-243.410416,1.860106
-244.442505,1.868911
-245.441391,1.878317
-246.440125,1.887003
-247.472305,1.894672
-248.471100,1.900892
-249.469971,1.908100
-250.502060,1.916740
-251.500946,1.926382
-252.499710,1.935280
-253.531860,1.941069
-254.530670,1.949041
-255.529404,1.957038
-256.561554,1.967719
-257.560394,1.973540
-258.559265,1.979705
-259.591339,1.990305
-260.590240,1.998518
-261.622253,2.007463
-262.621124,2.013603
-263.619934,2.020459
-264.652100,2.029647
-265.650909,2.038892
-266.649780,2.048209
-267.681824,2.055167
-268.680695,2.061701
-269.679504,2.069239
-270.711670,2.078918
-271.710449,2.088061
-272.709351,2.095736
-273.741425,2.101507
-274.740295,2.110759
-275.739075,2.119449
-276.771210,2.129562
-277.770050,2.135140
-278.768921,2.142181
-279.800995,2.151615
-280.799866,2.161676
-281.798615,2.168461
-282.830841,2.176302
-283.829590,2.183680
-284.828461,2.193831
-285.860565,2.201847
-286.859436,2.207645
-287.858246,2.216503
-288.890411,2.225258
-289.889130,2.235829
-290.888000,2.242975
-291.920105,2.248883
-292.918976,2.257897
-293.917816,2.266544
-294.949951,2.276964
-295.948761,2.282263
-296.947662,2.289571
-297.979736,2.299346
-298.978485,2.309961
-299.977356,2.315455
-301.009460,2.324284
-302.008331,2.332167
-303.007141,2.342571
-304.039307,2.349714
-305.038116,2.355502
-306.036987,2.366096
-307.069031,2.374577
-308.067963,2.383601
-309.066711,2.389655
-310.098877,2.397155
-311.097656,2.406176
-312.129852,2.416769
-313.128632,2.425390
-314.127502,2.433257
-315.159607,2.439440
-316.158478,2.447657
-317.157318,2.456994
-318.189453,2.466954
-319.188263,2.475923
-320.187134,2.482682
-321.219177,2.489076
-322.218109,2.498124
-323.216858,2.507937
-324.249084,2.517887
-325.247833,2.525141
-326.246704,2.531040
-327.278809,2.540028
-328.277679,2.549800
-329.276489,2.559881
-330.308655,2.567349
-331.307465,2.572790
-332.306335,2.582117
-333.338440,2.593203
-334.337311,2.600483
-335.336121,2.607827
-336.368286,2.615335
-337.367096,2.624553
-338.365967,2.635063
-339.398071,2.643462
-340.396942,2.648696
-341.395691,2.659559
-342.427917,2.668438
-343.426697,2.677412
-344.425476,2.683593
-345.457672,2.691976
-346.456451,2.702213
-347.455322,2.712387
-348.487396,2.720114
-349.486267,2.726015
-350.485077,2.734419
-351.517242,2.744492
-352.516052,2.754396
-353.514923,2.763516
-354.547028,2.771511
-355.545898,2.777352
-356.544708,2.786278
-357.576843,2.796697
-358.575684,2.807115
-359.574554,2.814019
-360.606659,2.820412
-361.605530,2.829454
-362.604340,2.839314
-363.636536,2.850462
-364.635315,2.857335
-365.667511,2.863405
-366.666290,2.872749
-367.665222,2.883305
-368.697266,2.892725
-369.696167,2.900465
-370.694916,2.906961
-371.727142,2.916266
-372.725891,2.926560
-373.724854,2.936992
-374.756927,2.944610
-375.755829,2.950534
-376.754608,2.959929
-377.786774,2.970444
-378.785583,2.980922
-379.784454,2.988128
-380.816559,2.994243
-381.815430,3.003582
-382.814240,3.014466
-383.846405,3.024111
-384.845215,3.032247
-385.844086,3.038333
-386.876190,3.047971
-387.875000,3.058372
-388.873871,3.068935
-389.905975,3.076534
-390.904846,3.082217
-391.903625,3.092169
-392.935883,3.102931
-393.934601,3.112557
-394.933563,3.120263
-395.965576,3.127058
-396.964539,3.136504
-397.963287,3.147094
-398.995514,3.158077
-399.994293,3.165342
-400.993195,3.171604
-402.025269,3.174919
-403.024139,3.177423
-404.022949,3.177581
-405.055115,3.175754
