2,Sprint Car,baseline
Steering Wheel Angle,Yaw Rate
296.970825,2.531759
295.972076,2.653326
294.973328,2.648671
293.941254,2.634484
292.942474,2.584341
291.943726,2.585208
290.911652,2.584954
289.912903,2.579710
288.914154,2.593292
287.882080,2.595377
286.883301,2.571473
285.884552,2.575872
284.852478,2.559686
283.853729,2.566711
282.854980,2.551631
281.822876,2.545384
280.824127,2.545801
279.825317,2.535239
278.793304,2.536147
277.794556,2.523714
276.795776,2.519977
275.763702,2.511298
274.764984,2.500300
273.766174,2.502918
272.734131,2.490717
271.735382,2.482001
270.736603,2.482811
269.704529,2.474975
268.705780,2.465982
267.707001,2.458047
266.674927,2.456868
265.676178,2.449246
264.677399,2.436777
263.645355,2.433656
262.646576,2.429778
261.647827,2.418604
260.615753,2.409611
259.617004,2.406051
258.584900,2.399882
257.586182,2.393827
256.587372,2.358618
255.555344,2.316214
254.556549,2.346025
253.557785,2.327415
252.525742,2.334373
251.526947,2.275658
250.528183,2.309921
249.496140,2.245299
248.497330,2.284091
247.498581,2.272403
246.466522,2.248478
245.467773,2.281586
244.468964,2.287565
243.436951,2.222495
242.438156,2.215764
241.439392,2.274554
240.407318,2.230773
239.408585,2.196793
238.409760,2.222426
237.377716,2.208210
236.378922,2.182617
235.380157,2.221303
234.348114,2.173361
233.349335,2.201576
232.350586,2.188051
231.318527,2.164804
230.319733,2.166748
229.320969,2.177723
228.288895,2.151454
227.290115,2.158310
226.291382,2.145176
225.259277,2.118236
224.260529,2.121126
223.261749,2.111902
222.229706,2.101193
221.230927,2.067275
220.232147,2.060098
219.200073,2.061560
218.201324,2.008755
217.202515,1.949240
216.170486,1.966273
215.171677,1.985973
214.172928,1.968564
213.140839,1.990918
212.142090,1.865062
211.143280,1.877854
210.111252,1.875784
209.112442,1.872859
208.113693,1.846070
207.081604,1.834597
206.082840,1.821771
205.050766,1.836126
204.052017,1.824293
203.053238,1.795267
202.021164,1.794391
201.022385,1.789984
200.023605,1.778121
198.991516,1.770754
197.992783,1.756222
196.994003,1.728057
195.961929,1.729349
194.963150,1.729330
193.964371,1.692293
192.932281,1.719624
191.933533,1.703380
190.934753,1.686877
189.902695,1.696735
188.903946,1.665655
187.905136,1.649274
186.873108,1.645458
185.874298,1.656397
184.875549,1.623539
183.843445,1.637547
182.844696,1.612613
181.845901,1.614922
180.813843,1.572319
179.815063,1.597520
178.816269,1.577497
177.784180,1.562195
176.785431,1.563750
175.786636,1.555691
174.754608,1.556894
173.755783,1.518555
172.757034,1.522771
171.724945,1.508672
170.726196,1.508581
169.727371,1.500137
168.695328,1.477745
167.696548,1.476186
166.697769,1.452098
165.665665,1.468944
164.666916,1.411947
163.668106,1.437024
162.636078,1.392712
161.637283,1.427067
160.638535,1.404416
159.606430,1.404814
158.607651,1.358274
157.608841,1.384492
156.576813,1.367300
155.578003,1.353862
154.545944,1.345309
153.547165,1.337328
152.548386,1.318501
151.516296,1.318401
150.517532,1.297139
149.518738,1.305699
148.486664,1.276696
147.487885,1.286064
146.489105,1.256372
145.457016,1.267866
144.458267,1.241505
143.459503,1.241835
142.427399,1.215993
141.428650,1.223102
140.429840,1.200017
139.397781,1.206664
138.399002,1.179393
137.400223,1.190701
136.368118,1.154577
135.369385,1.148283
134.370560,1.112912
133.338501,1.127238
132.339691,1.109290
131.340958,1.104865
130.308853,1.074574
129.310074,1.098173
128.311264,1.068224
127.279228,1.072332
126.280426,1.061252
125.281647,1.068456
124.249550,1.014898
123.250801,1.049605
122.251991,1.021778
121.219940,1.025697
120.221115,1.008337
119.222366,0.992493
118.190239,0.998117
117.191505,0.965275
116.192688,0.987390
115.160629,0.951224
114.161819,0.965995
113.163063,0.933741
112.130974,0.934320
111.132202,0.914287
110.133385,0.915380
109.101326,0.921278
108.102509,0.885479
107.103767,0.898879
106.071671,0.874617
105.072891,0.866067
104.074081,0.870423
103.042015,0.839547
102.043213,0.846497
101.011185,0.822652
100.012398,0.814283
99.013596,0.824327
97.981529,0.791176
96.982719,0.801851
95.983971,0.767137
94.951881,0.783900
93.953102,0.753193
92.954285,0.726271
91.922226,0.751469
90.923409,0.729599
89.924667,0.723092
88.892548,0.732238
87.893791,0.695322
86.894981,0.709831
85.862923,0.694366
84.864113,0.672445
83.865334,0.662693
82.833237,0.665962
81.834457,0.648341
80.835648,0.655841
79.803581,0.632414
78.804771,0.626335
77.806030,0.624692
76.773903,0.596796
75.775154,0.613095
74.776337,0.580773
73.744286,0.589154
72.745476,0.575686
71.746696,0.552550
70.714600,0.568353
69.715820,0.549043
68.717003,0.536156
67.684944,0.541528
66.686142,0.508600
65.687355,0.498405
64.655266,0.507036
63.656487,0.498827
62.657673,0.472896
61.625610,0.474552
60.626797,0.475211
59.628021,0.441839
58.595932,0.448223
57.597145,0.450996
56.598400,0.427068
55.566277,0.415589
54.567528,0.416399
53.568687,0.432396
52.536625,0.407440
51.537811,0.403605
50.505753,0.409563
49.506939,0.404500
48.508160,0.391336
47.476070,0.379547
46.477287,0.391576
45.478477,0.370113
44.446415,0.368853
43.447601,0.378270
42.448826,0.353878
41.416702,0.360339
40.417953,0.344112
39.419140,0.340531
38.387077,0.351992
37.388233,0.332442
36.389488,0.340517
35.357365,0.315965
34.358585,0.327801
33.359772,0.317245
32.327709,0.301383
31.328901,0.315958
30.330120,0.293789
29.297997,0.296194
28.299248,0.301753
27.300406,0.281398
26.268345,0.283558
25.269531,0.278112
24.270754,0.265765
23.238661,0.268396
22.239880,0.260598
21.241070,0.249056
20.209009,0.251175
19.210163,0.258298
18.211416,0.237622
17.179293,0.237950
16.180511,0.244668
15.181702,0.224492
14.149640,0.214883
13.150796,0.222409
12.152049,0.220428
11.119988,0.206741
10.121144,0.196688
9.122396,0.198678
8.090272,0.200940
7.091493,0.190618
6.092681,0.179482
5.060620,0.173485
4.061809,0.174645
3.062997,0.176250
2.030904,0.174699
1.032093,0.167834
0.000000,0.155247
-0.998747,0.150259
-1.997624,0.154711
-3.029652,0.142419
-4.028464,0.135785
-5.027276,0.132632
-6.059368,0.137098
-7.058115,0.122726
-8.056992,0.120274
-9.089020,0.102157
-10.087896,0.104712
-11.086643,0.112541
-12.118735,0.103681
-13.117547,0.085480
-14.116360,0.087789
-15.148452,0.074926
-16.147263,0.076781
-17.146011,0.073185
-18.178169,0.070646
-19.176916,0.051567
-20.175728,0.038928
-21.207819,0.041876
-22.206633,0.021899
-23.205444,0.025624
-24.237535,0.029261
-25.236284,0.034233
-26.235159,0.028658
-27.267187,0.030665
-28.266064,0.031033
-29.264811,0.034579
-30.296968,0.042346
-31.295717,0.064533
-32.294464,0.066099
-33.326618,0.089128
-34.325367,0.101174
-35.324245,0.099089
-36.356274,0.106998
-37.355083,0.082341
-38.353897,0.109479
-39.385986,0.121693
-40.384800,0.107498
-41.383614,0.162658
-42.415703,0.173843
-43.414516,0.164331
-44.413265,0.202516
-45.445419,0.175559
-46.444168,0.200585
-47.443043,0.174478
-48.475071,0.187446
-49.473949,0.249919
-50.472694,0.218196
-51.504852,0.255133
-52.503601,0.255826
-53.535759,0.220213
-54.534504,0.251333
-55.533318,0.268238
-56.565411,0.303408
-57.564224,0.300522
-58.563034,0.311175
-59.595127,0.310258
-60.593937,0.332803
-61.592751,0.341171
-62.624840,0.358165
-63.623653,0.316075
-64.622467,0.348219
-65.654556,0.352513
-66.653366,0.377889
-67.652184,0.402007
-68.684273,0.417695
-69.683090,0.428050
-70.681831,0.422650
-71.713989,0.424252
-72.712738,0.443737
-73.711617,0.452508
-74.743645,0.463772
-75.742516,0.484940
-76.741264,0.474178
-77.773361,0.482582
-78.772171,0.498264
-79.770981,0.535839
-80.803070,0.524247
-81.801888,0.526589
-82.800697,0.544517
-83.832787,0.550410
-84.831604,0.560349
-85.830414,0.569117
-86.862572,0.585909
-87.861313,0.603300
-88.860130,0.597273
-89.892227,0.585037
-90.891098,0.640075
-91.889847,0.655320
-92.921997,0.653195
-93.920753,0.652950
-94.919624,0.667824
-95.951653,0.668889
-96.950531,0.666831
-97.949280,0.726434
-98.981438,0.739589
-99.980179,0.734875
-100.979065,0.751167
-102.011093,0.767503
-103.009964,0.732911
-104.008705,0.738854
-105.040863,0.756173
-106.039619,0.747263
-107.071777,0.758356
-108.070587,0.805916
-109.069389,0.824594
-110.101486,0.797140
-111.100304,0.849229
-112.099113,0.802865
-113.131271,0.842966
-114.130020,0.845900
-115.128899,0.836757
-116.160927,0.863620
-117.159798,0.873793
-118.158554,0.880963
-119.190704,0.940232
-120.189453,0.921242
-121.188255,0.933441
-122.220421,0.938928
-123.219162,0.907313
-124.218033,0.929035
-125.250061,0.936100
-126.248947,0.954985
-127.247688,0.962997
-128.279846,1.003573
-129.278656,1.017435
-130.277481,1.001870
-131.309555,1.021058
-132.308380,0.998629
-133.307190,1.018364
-134.339355,1.033687
-135.338089,1.034371
-136.336975,1.065884
-137.369003,1.076398
-138.367874,1.067950
-139.366684,1.091202
-140.398773,1.082848
-141.397583,1.100805
-142.396408,1.116504
-143.428497,1.115291
-144.427368,1.151433
-145.426117,1.137586
-146.458282,1.123356
-147.457077,1.147723
-148.455902,1.147697
-149.487991,1.160887
-150.486877,1.198781
-151.485611,1.187990
-152.517776,1.186945
-153.516525,1.209838
-154.515396,1.194755
-155.547485,1.210284
-156.546295,1.243171
-157.578400,1.245785
-158.577271,1.246557
-159.576004,1.268944
-160.608170,1.269371
-161.606918,1.261939
-162.605804,1.288470
-163.637894,1.308443
-164.636765,1.302377
-165.635513,1.306241
-166.667603,1.318839
-167.666428,1.335648
-168.665222,1.341351
-169.697372,1.341793
-170.696136,1.364713
-171.695007,1.381203
-172.727097,1.372868
-173.725922,1.377986
-174.724731,1.409620
-175.756882,1.427907
-176.755630,1.416337
-177.754501,1.415898
-178.786606,1.441750
-179.785477,1.464038
-180.784225,1.464007
-181.816376,1.464314
-182.815125,1.497252
-183.813995,1.492172
-184.846100,1.488451
-185.844971,1.507772
-186.843719,1.530098
-187.875870,1.541476
-188.874695,1.528660
-189.873505,1.548814
-190.905594,1.588591
-191.904465,1.585065
-192.903214,1.568459
-193.935364,1.582970
-194.934189,1.620202
-195.933060,1.630272
-196.965088,1.635054
-197.963959,1.638316
-198.962769,1.649358
-199.994934,1.647039
-200.993683,1.656045
-201.992554,1.688339
-203.024643,1.722681
-204.023468,1.733669
-205.022263,1.721843
-206.054428,1.716445
-207.053177,1.729971
-208.085403,1.743706
-209.084137,1.745678
-210.082886,1.793207
-211.115112,1.826001
-212.113861,1.825727
-213.112732,1.819549
-214.144836,1.830951
-215.143646,1.833385
-216.142456,1.826318
-217.174606,1.834345
-218.173355,1.870045
-219.172241,1.904308
-220.204330,1.929542
-221.203201,1.927834
-222.201950,1.939387
-223.234177,1.958302
-224.232925,1.942030
-225.231796,1.925835
-226.263885,1.943528
-227.262772,1.976889
-228.261505,1.995337
-229.293671,2.002839
-230.292496,1.948479
-231.291367,2.019516
-232.323380,2.049146
-233.322250,2.056135
-234.321075,2.055791
-235.353226,2.069815
-236.351990,2.061830
-237.350861,2.105135
-238.382965,2.106235
-239.381836,2.036141
-240.380569,2.051180
-241.412811,2.118809
-242.411545,2.145153
-243.410416,2.164747
-244.442505,2.158405
-245.441391,2.164775
-246.440125,2.190114
-247.472305,2.115771
-248.471100,2.171634
-249.469971,2.199033
-250.502060,2.223593
-251.500946,2.250431
-252.499710,2.196177
-253.531860,2.245593
-254.530670,2.200451
-255.529404,2.224482
-256.561554,2.284222
-257.560394,2.215998
-258.559265,2.226429
-259.591339,2.323585
-260.590240,2.261817
-261.622253,2.247782
-262.621124,2.311984
-263.619934,2.325264
-264.652100,2.270552
-265.650909,2.321854
-266.649780,2.386734
-267.681824,2.308724
-268.680695,2.322654
-269.679504,2.361944
-270.711670,2.342426
-271.710449,2.357120
-272.709351,2.360090
-273.741425,2.359582
-274.740295,2.378638
-275.739075,2.395666
-276.771210,2.394885
-277.770050,2.401814
-278.768921,2.419151
-279.800995,2.434427
-280.799866,2.434729
-281.798615,2.439496
-282.830841,2.458617
-283.829590,2.475398
-284.828461,2.472183
-285.860565,2.480258
-286.859436,2.498372
-287.858246,2.510486
-288.890411,2.513819
-289.889130,2.522456
-290.888000,2.537995
-291.920105,2.461731
-292.918976,2.534363
-293.917816,2.563786
-294.949951,2.575238
-295.948761,2.586001
-296.947662,2.596406
