FIA F4,baseline,hard
Speed (KPH),-180,-170,-160,-150,-140,-130,-120,-110,-100,-90,-80,-70,-60,-50,-40,-30,-20
0,,,,,,,,,,,,,,,,,
1,1.767303,1.671745,1.585392,1.453309,1.392363,1.302440,1.187522,1.092981,0.961757,0.857497,0.766875,0.666775,0.587266,0.470082,0.388749,0.281393,0.186452
2,3.578966,3.382303,3.148130,2.974713,2.765972,2.583050,2.375293,2.187440,1.942476,1.784575,1.585294,1.355868,1.163674,0.974984,0.767127,0.573969,0.373106
3,5.377543,5.037452,4.722447,4.445268,4.125266,3.836330,3.524335,3.247847,2.929618,2.667803,2.356099,2.043973,1.755650,1.473281,1.169912,0.891798,0.596938
4,7.107324,6.693982,6.317145,5.889959,5.488437,5.087490,4.694011,4.307756,3.943718,3.536450,3.139947,2.766118,2.371297,1.971032,1.567195,1.165987,0.770830
5,8.853166,8.339002,7.889394,7.353521,6.899032,6.369509,5.870269,5.366261,4.913279,4.407817,3.917015,3.443041,2.955496,2.448785,1.932383,1.414553,0.934884
6,10.567007,10.002322,9.375711,8.735504,8.204964,7.667472,7.063133,6.457244,5.862881,5.262949,4.662380,4.087970,3.496284,2.905851,2.335365,1.729347,1.147456
7,12.460447,11.752252,11.067975,10.316701,9.625228,8.928401,8.243290,7.562136,6.821833,6.136037,5.447704,4.747327,4.076895,3.390073,2.705417,2.013952,1.322490
8,14.203816,13.423635,12.605863,11.770007,10.969769,10.184799,9.391142,8.615803,7.786082,7.006984,6.225640,5.464631,4.653375,3.867001,3.082763,2.305538,1.512249
9,15.797779,14.875946,14.043143,13.121037,12.159031,11.420249,10.570516,9.654689,8.766504,7.885951,7.002790,6.133193,5.227002,4.358867,3.466852,2.594042,1.708554
10,17.708572,16.697989,15.666574,14.694217,13.725793,12.746630,11.740603,10.744221,9.815588,8.832667,7.874353,6.862417,5.843123,4.795920,3.784319,2.882570,1.909727
11,19.608267,18.499886,17.345715,16.225689,15.125768,14.004074,12.887838,11.787481,10.749097,9.652676,8.561105,7.476853,6.395908,5.299567,4.212224,3.176620,2.079815
12,21.400723,20.153276,18.925385,17.696846,16.494135,15.317013,14.071957,12.881390,11.685582,10.485926,9.334120,8.157792,6.969655,5.779966,4.611205,3.438043,2.270783
13,23.158356,21.849998,20.522280,19.194113,17.863352,16.563782,15.267533,13.973433,12.666351,11.385077,10.089593,8.849160,7.528927,6.271201,5.015448,3.724175,2.485045
14,24.295397,23.119848,21.721619,19.887316,19.202290,17.633152,16.053650,14.862513,13.736258,11.934277,10.940962,9.160313,8.178048,6.573803,5.268756,3.765397,2.578354
15,26.657913,25.359921,23.737709,22.440447,20.479704,19.221022,17.785629,15.951694,14.547904,13.280101,11.879781,10.313332,8.531503,7.219607,5.599928,4.361399,2.737593
16,28.534132,26.704634,25.132017,23.584782,21.854183,20.364323,18.636600,17.147871,15.487560,14.007195,12.342835,10.748838,9.388144,7.652498,6.252833,4.492491,3.033072
17,30.393869,28.663052,26.940565,24.952168,23.463602,21.799381,20.064878,18.171133,16.524719,14.944455,13.239450,11.647394,9.762592,8.348806,6.438964,4.855934,3.233419
18,31.249657,29.320198,27.618652,25.972021,24.092176,22.754099,20.988171,19.491259,17.463449,15.648919,13.921230,12.106313,10.571129,8.631153,6.953483,5.134301,3.448531
19,33.412003,31.714373,29.649731,27.948324,26.157011,24.087070,22.432207,20.396536,18.726843,16.982639,15.058162,13.210758,11.234594,9.124954,7.338966,5.519214,3.506487
20,35.099308,33.074055,31.393009,29.208189,27.265551,25.463703,23.388601,21.570717,19.523207,17.652773,15.671244,13.650981,11.464123,9.643389,7.620407,5.823114,3.880028
21,36.927616,34.733784,32.910130,30.888115,28.915602,26.615568,24.596733,22.642414,20.414755,18.295143,16.291319,14.264051,12.300385,10.034122,7.985437,6.003599,3.946684
22,39.015156,36.746105,34.652855,32.309643,30.104650,27.929024,25.817554,23.552198,21.390400,19.202259,17.103695,14.850320,12.775718,10.592810,8.461139,6.229581,4.121906
23,40.909981,38.679272,36.159409,33.882816,31.583721,29.294973,26.932032,24.789621,22.331165,20.275263,17.790148,15.742043,13.277049,11.172658,8.815576,6.703169,4.457612
24,42.540901,40.130184,37.822094,35.329285,32.901455,30.566687,28.237450,25.725060,23.477665,20.972464,18.742182,16.247290,13.958586,11.508352,9.302190,6.839819,4.499251
25,44.536015,41.982716,39.254421,36.814648,34.363453,31.736305,29.246958,26.863230,24.316486,21.935904,19.363716,17.010809,14.455601,12.190714,9.553425,7.114249,4.706544
26,46.216923,43.584339,41.033329,38.272827,35.633320,33.225098,30.599669,27.943493,25.304766,22.802738,20.309139,17.736050,15.223392,12.522359,10.123926,7.533252,5.000219
27,47.869030,45.138844,42.453449,39.884071,37.144169,34.337341,31.763147,28.940233,26.351805,23.586927,20.954456,18.295748,15.653003,13.024286,10.363792,7.718009,5.052308
28,49.853252,46.874298,44.192764,41.175301,38.483562,35.588482,32.780945,30.002476,27.242773,24.649403,21.736782,19.048731,16.201862,13.554811,10.765904,8.035128,5.288148
29,51.426922,48.589466,45.668571,42.674934,39.744789,37.048016,34.110435,31.132729,28.397696,25.384026,22.584538,19.732088,16.907322,13.965897,11.198293,8.423828,5.610180
30,53.414486,50.167278,47.131435,44.304962,41.275719,38.185520,35.234505,32.304623,29.331562,26.240515,23.272762,20.328875,17.463575,14.591190,11.510432,8.578917,5.645171
31,55.073818,52.044376,48.844059,45.642960,42.631790,39.393902,36.307182,33.247173,30.166332,27.284315,24.209106,21.087690,17.970701,15.008985,12.032209,8.909769,5.988309
32,56.730198,53.567284,50.394062,47.081867,43.884117,40.855579,37.580284,34.497578,31.315876,28.076050,24.923120,21.821959,18.673895,15.430332,12.405305,9.278400,6.042709
33,58.690151,55.187271,51.864799,48.724117,45.421520,42.042255,38.790714,35.462738,32.162045,28.874086,25.623819,22.384604,19.211737,16.063955,12.684852,9.476137,6.278680
34,60.351574,56.985645,53.430668,50.101204,46.715546,43.232231,39.840378,36.475269,33.089809,29.916245,26.541147,23.091558,19.726891,16.506491,13.093007,9.785614,6.535273
35,61.111530,58.028111,55.827873,51.474991,48.016792,44.628025,41.044151,37.692978,34.237755,30.670835,27.264240,23.874113,20.434839,16.875994,13.536954,10.178506,6.631233
36,62.341839,57.942574,54.787586,52.039379,48.770584,45.429680,42.650074,38.639030,35.144077,31.514345,27.967390,24.463316,20.965609,17.437832,13.957972,10.359833,6.936125
37,64.044991,60.488911,56.988194,53.416939,49.861195,46.282417,42.710609,39.076160,35.062847,32.163200,28.939939,25.109581,21.501711,17.963131,14.255349,10.628504,7.113224
38,,62.186668,58.555496,54.820538,51.224007,47.473530,43.818504,40.148392,36.459255,32.842873,29.208483,25.509357,21.928055,18.234739,14.479877,11.047460,7.229470
39,,63.766384,60.049721,56.240322,52.536205,48.739529,44.968010,41.247963,37.438427,33.687527,29.913622,26.244711,22.509274,18.701273,15.021431,11.528548,7.592305
40,,65.321022,61.502079,57.712357,53.858536,50.026711,46.159401,42.339924,38.419003,34.538288,30.671581,26.114950,22.191956,18.488739,14.805053,11.168365,7.885693
41,,66.943512,63.078903,55.648689,51.409409,47.845089,45.595821,41.672516,37.910355,34.068897,30.232498,26.445789,22.671482,18.878708,15.121604,11.390722,8.088297
42,,64.890778,61.390747,57.743576,54.056976,50.288784,46.443810,42.535553,38.664497,34.790859,30.892561,27.005476,23.151800,19.279520,15.431427,11.610976,8.113957
43,,65.367966,62.253319,58.712753,55.030312,51.247135,47.384193,43.408340,39.428776,35.509087,31.529272,27.547039,23.618526,19.666098,15.752110,11.825865,8.126856
44,,65.761108,62.948589,59.620384,55.909847,52.155964,48.260540,44.264095,40.184898,36.210857,32.165775,28.106194,24.085995,20.059317,16.060726,12.045503,8.232924
45,,65.979004,63.383114,60.333817,56.806068,52.967293,49.056950,45.093147,40.952164,36.897209,32.798317,28.645309,24.534704,20.445393,16.370098,12.275681,8.351600
46,,65.953468,63.642593,60.905304,57.584583,53.814144,49.876926,45.856709,41.727501,37.567677,33.415638,29.198637,24.995119,20.830484,16.681307,12.502284,8.468621
47,,65.525352,63.845318,61.270031,58.235172,54.619873,50.651672,46.627281,42.480343,38.207092,34.016693,29.741049,25.439615,21.208143,16.992691,12.733605,8.588786
48,,64.651520,63.799652,61.506546,58.664394,55.318127,51.368877,47.355907,43.169308,38.860615,34.582596,30.280201,25.900032,21.581932,17.297489,12.965323,8.723690
49,,63.467651,63.247704,61.652065,58.968571,55.856026,52.132294,47.998238,43.855247,39.522530,35.138260,30.806082,26.353773,21.952759,17.599253,13.198960,8.851165
50,,62.185585,62.247692,61.517483,59.204185,56.283524,52.751221,48.679226,44.526093,40.184380,35.691360,31.308523,26.816635,22.321917,17.893353,13.427476,8.982924
51,,60.835178,61.095924,60.932304,59.353943,56.569927,53.305641,49.352833,45.101803,40.805984,36.257763,31.792387,27.274420,22.679804,18.176697,13.656855,9.121951
52,,,59.943710,60.001385,59.210682,56.805225,53.686859,49.969231,45.686348,41.354454,36.846088,32.240536,27.720259,23.043369,18.457577,13.878908,9.253239
53,,,58.878063,58.968716,58.685577,56.974056,53.954102,50.477993,46.293350,41.922237,37.413113,32.707981,28.141079,23.391010,18.721243,14.091718,9.393076
54,,,57.554646,57.956352,57.852909,56.875427,54.175549,50.905155,46.847816,42.444389,37.924538,33.193081,28.529785,23.753710,18.979862,14.293954,9.537155
55,,,,57.038761,56.917519,56.424603,54.356949,51.173904,47.411549,42.939068,38.447105,33.688675,28.913223,24.111757,19.247734,14.491255,9.677011
56,,,,55.818653,56.090630,55.744949,54.389225,51.372547,47.840809,43.483536,38.940468,34.156212,29.312557,24.480547,19.516207,14.690235,9.821127
57,,,,,55.279549,55.026909,54.174107,51.563404,48.172302,43.959862,39.353317,34.608646,29.712833,24.838163,19.789461,14.894234,9.958919
58,,,,,54.250561,54.304741,53.713589,51.727688,48.439598,44.475445,39.816559,35.086727,30.091055,25.170933,20.066317,15.097916,10.087044
59,,,,,,53.511261,53.058491,51.742214,48.611866,44.853191,40.238262,35.514301,30.456314,25.468987,20.347723,15.297235,10.219795
60,,,,,,52.597141,52.350502,51.499142,48.756222,45.158176,40.671127,35.883511,30.828678,25.772190,20.624279,15.494157,10.342531
61,,,,,,51.480450,51.695290,51.038464,48.896328,45.406208,41.095947,36.287415,31.238073,26.089293,20.882599,15.675489,10.469274
62,,,,,,,51.028866,50.449272,48.960064,45.562073,41.504284,36.611248,31.610455,26.394533,21.140190,15.851570,10.602572
63,,,,,,,50.260109,49.831211,48.837940,45.696655,41.814629,36.980663,31.961958,26.672157,21.412066,16.014860,10.740241
64,,,,,,,49.335011,49.302174,48.487522,45.856125,42.102619,37.319714,32.335159,26.943949,21.687714,16.191803,10.877464
65,,,,,,,,48.787792,47.974117,46.000965,42.287560,37.691521,32.640446,27.258904,21.942358,16.377535,11.005288
66,,,,,,,,48.118328,47.420040,46.026951,42.412151,38.019310,32.951077,27.571445,22.158667,16.563717,11.122201
67,,,,,,,,47.288376,46.921604,45.855404,42.523277,38.378250,33.239658,27.847067,22.383423,16.749826,11.227319
68,,,,,,,,,46.461094,45.502937,42.660114,38.623035,33.498077,28.158213,22.618504,16.922318,11.339800
69,,,,,,,,,46.089558,44.854107,42.803028,38.809978,33.774200,28.464760,22.833939,17.085453,11.459836
70,,,,,,,,,45.399891,44.598911,42.603523,38.939758,34.082378,28.711714,23.019773,17.268269,11.586114
71,,,,,,,,,44.669533,44.355183,42.649254,39.058853,34.299374,28.964840,23.280981,17.460882,11.633351
72,,,,,,,,,44.086746,44.041058,42.566647,39.146812,34.487656,29.180332,23.475765,17.630173,11.739593
73,,,,,,,,,,43.570702,42.322639,39.169369,34.657349,29.386665,23.672604,17.792538,11.863095
74,,,,,,,,,,43.032341,41.941486,39.175457,34.848541,29.582644,23.871220,17.955055,11.979507
75,,,,,,,,,,42.559978,41.509544,39.189682,35.059364,29.792347,24.073904,18.121725,12.086094
76,,,,,,,,,,42.071922,41.092224,39.212666,35.275867,30.016323,24.272783,18.299984,12.200086
77,,,,,,,,,,41.671097,40.767582,39.224064,35.487610,30.253799,24.482664,18.478024,12.324210
78,,,,,,,,,,,40.782192,39.179379,35.633732,30.481791,24.692719,18.656710,12.439896
79,,,,,,,,,,,40.710911,39.037178,35.705784,30.685135,24.890753,18.820431,12.546956
80,,,,,,,,,,,40.526787,38.774700,35.708767,30.867157,25.084400,18.978342,12.650580
81,,,,,,,,,,,40.180012,38.414181,35.637474,31.025864,25.257584,19.121223,12.755030
82,,,,,,,,,,,39.669422,38.088840,35.544888,31.128214,25.420925,19.255720,12.856595
83,,,,,,,,,,,39.150578,38.029423,35.466625,31.230133,25.571634,19.382784,12.960008
84,,,,,,,,,,,38.636284,37.983791,35.422890,31.295921,25.704981,19.500809,13.050220
85,,,,,,,,,,,,37.947128,35.416862,31.379807,25.815941,19.611906,13.135088
86,,,,,,,,,,,,37.915756,35.417027,31.449902,25.925869,19.716167,13.212539
87,,,,,,,,,,,,37.763603,35.373135,31.550892,26.048269,19.816860,13.284549
88,,,,,,,,,,,,37.517448,35.446552,31.650190,26.175447,19.915096,13.356865
89,,,,,,,,,,,,37.124199,35.433437,31.739815,26.312878,20.012957,13.428790
90,,,,,,,,,,,,36.688416,35.343975,31.816778,26.475758,20.114704,13.502142
91,,,,,,,,,,,,36.220486,35.246552,31.848669,26.645287,20.219919,13.576148
92,,,,,,,,,,,,36.084934,35.251858,31.814398,26.782190,20.326927,13.643723
93,,,,,,,,,,,,35.628033,35.111942,31.449396,26.913115,20.450020,13.715231
94,,,,,,,,,,,,,34.960499,31.680243,26.787563,20.565405,13.896204
95,,,,,,,,,,,,,34.831608,31.887272,26.812523,20.696301,13.967319
96,,,,,,,,,,,,,34.734043,32.028069,26.837666,20.820339,14.034105
97,,,,,,,,,,,,,34.663803,32.100700,26.872944,20.935337,14.096760
98,,,,,,,,,,,,,34.568203,32.124176,26.925283,21.041077,14.155514
99,,,,,,,,,,,,,34.394688,32.123981,26.995777,21.135248,14.211782
100,,,,,,,,,,,,,34.112518,32.131592,27.082773,21.218355,14.266939
101,,,,,,,,,,,,,33.747444,32.163784,27.173227,21.286861,14.319089
102,,,,,,,,,,,,,33.340565,32.228470,27.358257,21.342003,14.367438
103,,,,,,,,,,,,,32.943611,32.320919,27.542501,21.384909,14.412359
104,,,,,,,,,,,,,32.580647,32.406567,27.696438,21.421328,14.457553
105,,,,,,,,,,,,,32.291447,32.387592,27.826353,21.456007,14.509560
106,,,,,,,,,,,,,,32.301727,27.942617,21.490543,14.571310
107,,,,,,,,,,,,,,32.117409,28.054029,21.530565,14.637509
108,,,,,,,,,,,,,,31.836527,28.160469,21.578920,14.707333
109,,,,,,,,,,,,,,31.489229,28.216671,21.638636,14.779666
110,,,,,,,,,,,,,,31.110321,28.288507,21.767368,14.850714
111,,,,,,,,,,,,,,30.741270,28.376541,21.942963,14.920776
112,,,,,,,,,,,,,,,28.480494,22.116823,14.989053
113,,,,,,,,,,,,,,,28.588835,22.277908,15.055254
114,,,,,,,,,,,,,,,28.679058,22.416723,15.117031
115,,,,,,,,,,,,,,,28.725233,22.514788,15.173357
116,,,,,,,,,,,,,,,28.316162,22.598257,15.220903
117,,,,,,,,,,,,,,,28.304937,22.474861,15.195333
118,,,,,,,,,,,,,,,28.323566,22.527227,15.294416
119,,,,,,,,,,,,,,,28.368591,22.583448,15.388817
120,,,,,,,,,,,,,,,28.429680,22.646570,15.476129
121,,,,,,,,,,,,,,,28.471310,22.723690,15.558683
122,,,,,,,,,,,,,,,,22.811441,15.637506
123,,,,,,,,,,,,,,,,22.912830,15.710625
124,,,,,,,,,,,,,,,,23.022463,15.778428
125,,,,,,,,,,,,,,,,23.132172,15.834276
126,,,,,,,,,,,,,,,,23.234707,15.874178
127,,,,,,,,,,,,,,,,23.322210,15.911548
128,,,,,,,,,,,,,,,,23.380981,15.947403
129,,,,,,,,,,,,,,,,23.406282,15.985667
130,,,,,,,,,,,,,,,,23.405336,16.027710
131,,,,,,,,,,,,,,,,23.384531,16.074068
132,,,,,,,,,,,,,,,,23.349852,16.123907
133,,,,,,,,,,,,,,,,23.307793,16.180315
134,,,,,,,,,,,,,,,,23.264174,16.239550
135,,,,,,,,,,,,,,,,23.223907,16.302755
136,,,,,,,,,,,,,,,,23.194429,16.369892
137,,,,,,,,,,,,,,,,23.181137,16.436766
138,,,,,,,,,,,,,,,,23.191174,16.503582
139,,,,,,,,,,,,,,,,23.226736,16.566099
140,,,,,,,,,,,,,,,,23.283226,16.623411
141,,,,,,,,,,,,,,,,23.339886,16.672888
142,,,,,,,,,,,,,,,,23.377586,16.712343
143,,,,,,,,,,,,,,,,,16.738678
144,,,,,,,,,,,,,,,,,16.751734
145,,,,,,,,,,,,,,,,,16.752195
146,,,,,,,,,,,,,,,,,16.675196
147,,,,,,,,,,,,,,,,,16.662098
148,,,,,,,,,,,,,,,,,16.640673
149,,,,,,,,,,,,,,,,,16.614109
150,,,,,,,,,,,,,,,,,16.586542
151,,,,,,,,,,,,,,,,,16.562420
152,,,,,,,,,,,,,,,,,16.543051
153,,,,,,,,,,,,,,,,,16.534252
154,,,,,,,,,,,,,,,,,16.536320
155,,,,,,,,,,,,,,,,,16.547617
156,,,,,,,,,,,,,,,,,16.567108
157,,,,,,,,,,,,,,,,,16.592508
158,,,,,,,,,,,,,,,,,16.623692
159,,,,,,,,,,,,,,,,,16.657326
160,,,,,,,,,,,,,,,,,16.692303
161,,,,,,,,,,,,,,,,,16.723896
162,,,,,,,,,,,,,,,,,16.749908
163,,,,,,,,,,,,,,,,,16.765888
164,,,,,,,,,,,,,,,,,16.770824
165,,,,,,,,,,,,,,,,,16.761818
166,,,,,,,,,,,,,,,,,16.756882
167,,,,,,,,,,,,,,,,,16.737387
168,,,,,,,,,,,,,,,,,16.704172
169,,,,,,,,,,,,,,,,,16.660770
170,,,,,,,,,,,,,,,,,16.611719
171,,,,,,,,,,,,,,,,,16.562750
172,,,,,,,,,,,,,,,,,16.517641
173,,,,,,,,,,,,,,,,,16.482691
174,,,,,,,,,,,,,,,,,16.460728
175,,,,,,,,,,,,,,,,,16.228277
176,,,,,,,,,,,,,,,,,
177,,,,,,,,,,,,,,,,,
178,,,,,,,,,,,,,,,,,
179,,,,,,,,,,,,,,,,,
180,,,,,,,,,,,,,,,,,
181,,,,,,,,,,,,,,,,,
182,,,,,,,,,,,,,,,,,
183,,,,,,,,,,,,,,,,,
184,,,,,,,,,,,,,,,,,
185,,,,,,,,,,,,,,,,,
186,,,,,,,,,,,,,,,,,
187,,,,,,,,,,,,,,,,,
188,,,,,,,,,,,,,,,,,
189,,,,,,,,,,,,,,,,,
190,,,,,,,,,,,,,,,,,
191,,,,,,,,,,,,,,,,,
192,,,,,,,,,,,,,,,,,
193,,,,,,,,,,,,,,,,,
194,,,,,,,,,,,,,,,,,
195,,,,,,,,,,,,,,,,,
196,,,,,,,,,,,,,,,,,
197,,,,,,,,,,,,,,,,,
198,,,,,,,,,,,,,,,,,
199,,,,,,,,,,,,,,,,,
200,,,,,,,,,,,,,,,,,
201,,,,,,,,,,,,,,,,,
202,,,,,,,,,,,,,,,,,
203,,,,,,,,,,,,,,,,,
204,,,,,,,,,,,,,,,,,
205,,,,,,,,,,,,,,,,,
206,,,,,,,,,,,,,,,,,
207,,,,,,,,,,,,,,,,,
208,,,,,,,,,,,,,,,,,
209,,,,,,,,,,,,,,,,,
210,,,,,,,,,,,,,,,,,
211,,,,,,,,,,,,,,,,,
212,,,,,,,,,,,,,,,,,
213,,,,,,,,,,,,,,,,,
214,,,,,,,,,,,,,,,,,
215,,,,,,,,,,,,,,,,,
216,,,,,,,,,,,,,,,,,
217,,,,,,,,,,,,,,,,,
218,,,,,,,,,,,,,,,,,
219,,,,,,,,,,,,,,,,,
220,,,,,,,,,,,,,,,,,
221,,,,,,,,,,,,,,,,,
222,,,,,,,,,,,,,,,,,
223,,,,,,,,,,,,,,,,,
224,,,,,,,,,,,,,,,,,
225,,,,,,,,,,,,,,,,,
226,,,,,,,,,,,,,,,,,
227,,,,,,,,,,,,,,,,,
228,,,,,,,,,,,,,,,,,
229,,,,,,,,,,,,,,,,,
230,,,,,,,,,,,,,,,,,
231,,,,,,,,,,,,,,,,,
232,,,,,,,,,,,,,,,,,
233,,,,,,,,,,,,,,,,,
234,,,,,,,,,,,,,,,,,
235,,,,,,,,,,,,,,,,,
236,,,,,,,,,,,,,,,,,
237,,,,,,,,,,,,,,,,,
238,,,,,,,,,,,,,,,,,
239,,,,,,,,,,,,,,,,,
240,,,,,,,,,,,,,,,,,
241,,,,,,,,,,,,,,,,,
242,,,,,,,,,,,,,,,,,
243,,,,,,,,,,,,,,,,,
244,,,,,,,,,,,,,,,,,
245,,,,,,,,,,,,,,,,,
246,,,,,,,,,,,,,,,,,
247,,,,,,,,,,,,,,,,,
248,,,,,,,,,,,,,,,,,
249,,,,,,,,,,,,,,,,,
250,,,,,,,,,,,,,,,,,
